segment_id,edge_idx,source,target,direction,br,km_start,km_end,length_km,midpoint_lat,midpoint_lon
0,0,6fcgzefr,6fcus27c,C,481,0.0,21.2,21.2,-28.794380364999967,-53.52662891499995
1,0,6fcus27c,6fcgzefr,D,481,0.0,21.2,21.2,-28.794380364999967,-53.52662891499995
2,1,6fcgzefr,6ff4w49u,C,481,21.2,63.5,42.3,-28.96376562499995,-53.31386590499994
3,1,6ff4w49u,6fcgzefr,D,481,21.2,63.5,42.3,-28.96376562499995,-53.31386590499994
4,2,6fcus27c,6fcuu7tz,C,158,198.8,206.0,7.199999999999989,-28.707191884999958,-53.59548399499994
5,2,6fcuu7tz,6fcus27c,D,158,198.8,206.0,7.199999999999989,-28.707191884999958,-53.59548399499994
6,3,6fcus27c,6fcfg609,C,158,206.0,240.9,34.900000000000006,-28.887626419999947,-53.62118049499995
7,3,6fcfg609,6fcus27c,D,158,206.0,240.9,34.900000000000006,-28.887626419999947,-53.62118049499995
8,4,6ff4w49u,6ff38khx,C,481,63.5,89.4,25.900000000000006,-29.160818724999956,-53.11997700499995
9,4,6ff38khx,6ff4w49u,D,481,63.5,89.4,25.900000000000006,-29.160818724999956,-53.11997700499995
10,5,6ff38khx,6ff30h5b,C,481,89.4,101.5,12.099999999999994,-29.28885859999997,-53.07468635999996
11,5,6ff30h5b,6ff38khx,D,481,89.4,101.5,12.099999999999994,-29.28885859999997,-53.07468635999996
12,6,6ff30h5b,6ff29ws6,C,481,101.5,113.2,11.700000000000003,-29.370351489999962,-53.04742604499995
13,6,6ff29ws6,6ff30h5b,D,481,101.5,113.2,11.700000000000003,-29.370351489999962,-53.04742604499995
14,7,6ff29ws6,6ff2963v,C,481,113.2,117.0,3.799999999999997,-29.41863342999997,-53.021327164999946
15,7,6ff2963v,6ff29ws6,D,481,113.2,117.0,3.799999999999997,-29.41863342999997,-53.021327164999946
16,8,6ff2963v,6fdr7j55,C,481,117.0,156.8,39.80000000000001,-29.532499444999956,-52.98918131499994
17,8,6fdr7j55,6ff2963v,D,481,117.0,156.8,39.80000000000001,-29.532499444999956,-52.98918131499994
18,9,6fdr7j55,6fdqg5my,C,481,156.8,169.3,12.5,-29.683489209999948,-52.947934319999945
19,9,6fdqg5my,6fdr7j55,D,481,156.8,169.3,12.5,-29.683489209999948,-52.947934319999945
20,10,6fdqg5my,6fdrnsdy,C,153,349.7,366.1,16.400000000000034,-29.706583189999947,-52.87122641999994
21,10,6fdrnsdy,6fdqg5my,D,153,349.7,366.1,16.400000000000034,-29.706583189999947,-52.87122641999994
22,11,6fdqg5my,6fdqff4c,C,153,366.1,367.8,1.6999999999999886,-29.735900769999972,-52.95363309999996
23,11,6fdqff4c,6fdqg5my,D,153,366.1,367.8,1.6999999999999886,-29.735900769999972,-52.95363309999996
24,12,6f977dkm,6f97kc7e,C,290,412.9,418.4,5.5,-30.35585348999993,-54.305420959999964
25,12,6f97kc7e,6f977dkm,D,290,412.9,418.4,5.5,-30.35585348999993,-54.305420959999964
26,13,6f977dkm,6f9h48dx,C,290,418.4,461.4,43.0,-30.29164130999993,-54.531242179999964
27,13,6f9h48dx,6f977dkm,D,290,418.4,461.4,43.0,-30.29164130999993,-54.531242179999964
28,14,6f97kc7e,6f980zzd,C,473,5.5,82.5,77.0,-30.62658385499995,-54.18790930999998
29,14,6f980zzd,6f97kc7e,D,473,5.5,82.5,77.0,-30.62658385499995,-54.18790930999998
30,15,6f97kc7e,6f9emutp,C,290,372.2,412.9,40.69999999999999,-30.34944986499994,-54.07968000499997
31,15,6f9emutp,6f97kc7e,D,290,372.2,412.9,40.69999999999999,-30.34944986499994,-54.07968000499997
32,16,6f980zzd,6f3w0h2g,C,473,82.5,129.2,46.69999999999999,-31.07976085499996,-54.11837692999998
33,16,6f3w0h2g,6f980zzd,D,473,82.5,129.2,46.69999999999999,-31.07976085499996,-54.11837692999998
34,17,6f3w0h2g,6f3tbmt9,C,473,129.2,134.0,4.800000000000011,-31.283810729999942,-54.13063223999998
35,17,6f3tbmt9,6f3w0h2g,D,473,129.2,134.0,4.800000000000011,-31.283810729999942,-54.13063223999998
36,18,6f3w0h2g,6f3tg8v1,C,293,172.6,189.3,16.700000000000017,-31.296873959999942,-54.059579094999975
37,18,6f3tg8v1,6f3w0h2g,D,293,172.6,189.3,16.700000000000017,-31.296873959999942,-54.059579094999975
38,19,6f3w0h2g,6f3pu4e8,C,293,189.3,251.1,61.79999999999998,-31.116351244999947,-54.40122103999997
39,19,6f3pu4e8,6f3w0h2g,D,293,189.3,251.1,61.79999999999998,-31.116351244999947,-54.40122103999997
40,20,6f3tbmt9,6f3t8vc7,C,473,134.0,139.5,5.5,-31.32364649999994,-54.113768644999965
41,20,6f3t8vc7,6f3tbmt9,D,473,134.0,139.5,5.5,-31.32364649999994,-54.113768644999965
42,21,6f3t8vc7,6f3t2qsy,C,473,139.5,144.4,4.900000000000006,-31.364447714999955,-54.11431495499994
43,21,6f3t2qsy,6f3t8vc7,D,473,139.5,144.4,4.900000000000006,-31.364447714999955,-54.11431495499994
44,22,6f3t2qsy,6f37zz8w,C,153,638.5,668.6,30.100000000000023,-31.51321720499996,-54.13691453499993
45,22,6f37zz8w,6f3t2qsy,D,153,638.5,668.6,30.100000000000023,-31.51321720499996,-54.13691453499993
46,23,6f3t2qsy,6f3td6hk,C,153,629.6,638.5,8.899999999999977,-31.37466226999996,-54.079390674999956
47,23,6f3td6hk,6f3t2qsy,D,153,629.6,638.5,8.899999999999977,-31.37466226999996,-54.079390674999956
48,24,6f37zz8w,6f36xqv0,C,153,668.6,693.3,24.699999999999932,-31.754694839999956,-54.158728639999936
49,24,6f36xqv0,6f37zz8w,D,153,668.6,693.3,24.699999999999932,-31.754694839999956,-54.158728639999936
50,25,6f36xqv0,6f36xw02,C,153,693.3,694.0,0.7000000000000455,-31.869161094999953,-54.164271069999955
51,25,6f36xw02,6f36xqv0,D,153,693.3,694.0,0.7000000000000455,-31.869161094999953,-54.164271069999955
52,26,6f61c08v,6f61c1ef,C,473,284.2,285.0,0.8000000000000114,-32.03000670499998,-53.390342894999975
53,26,6f61c1ef,6f61c08v,D,473,284.2,285.0,0.8000000000000114,-32.03000670499998,-53.390342894999975
54,27,6f61c1ef,6f61tfdj,C,473,285.0,308.6,23.600000000000023,-32.04649708499997,-53.285125334999975
55,27,6f61tfdj,6f61c1ef,D,473,285.0,308.6,23.600000000000023,-32.04649708499997,-53.285125334999975
56,28,6f61tfdj,6f63c9rv,C,473,308.6,327.7,19.099999999999966,-32.04692028499997,-53.09558455999996
57,28,6f63c9rv,6f61tfdj,D,473,308.6,327.7,19.099999999999966,-32.04692028499997,-53.09558455999996
58,29,6f63c9rv,6f63gbvs,C,473,327.7,341.5,13.800000000000011,-32.029833474999975,-52.96139602499997
59,29,6f63gbvs,6f63c9rv,D,473,327.7,341.5,13.800000000000011,-32.029833474999975,-52.96139602499997
60,30,6f63gbvs,6f63tr1e,C,473,341.5,347.4,5.899999999999977,-32.03616799499997,-52.88330497499996
61,30,6f63tr1e,6f63gbvs,D,473,341.5,347.4,5.899999999999977,-32.03616799499997,-52.88330497499996
62,31,6f63tr1e,6f6970vw,C,473,347.4,373.6,26.200000000000045,-32.07989790499997,-52.72397584999993
63,31,6f6970vw,6f63tr1e,D,473,347.4,373.6,26.200000000000045,-32.07989790499997,-52.72397584999993
64,32,6f63tr1e,6f6d25yr,C,116,566.4,584.2,17.800000000000068,-31.983733239999964,-52.789322719999944
65,32,6f6d25yr,6f63tr1e,D,116,566.4,584.2,17.800000000000068,-31.983733239999964,-52.789322719999944
66,33,6f63tr1e,6f6286hx,C,116,584.2,614.7,30.5,-32.14228493999997,-52.96090277499994
67,33,6f6286hx,6f63tr1e,D,116,584.2,614.7,30.5,-32.14228493999997,-52.96090277499994
68,34,6f6970vw,6f6970w6,C,473,373.6,373.9,0.2999999999999545,-32.11982577499995,-52.59435346999993
69,34,6f6970w6,6f6970vw,D,473,373.6,373.9,0.2999999999999545,-32.11982577499995,-52.59435346999993
70,35,6f6970w6,6f68y2k5,C,473,373.9,391.0,17.100000000000023,-32.16542849499996,-52.52399266499995
71,35,6f68y2k5,6f6970w6,D,473,373.9,391.0,17.100000000000023,-32.16542849499996,-52.52399266499995
72,36,6f68y2k5,6f6cd8yn,C,471,458.6,482.7,24.099999999999966,-32.14238932999996,-52.35939394999997
73,36,6f6cd8yn,6f68y2k5,D,471,458.6,482.7,24.099999999999966,-32.14238932999996,-52.35939394999997
74,37,6f68y2k5,6f4kx79r,C,471,482.7,573.8,91.09999999999997,-32.574170709999976,-52.60978596499996
75,37,6f4kx79r,6f68y2k5,D,471,482.7,573.8,91.09999999999997,-32.574170709999976,-52.60978596499996
76,38,6g1umhr5,6g45brgs,C,472,0.0,17.6,17.6,-27.388211284999954,-53.49063016499997
77,38,6g45brgs,6g1umhr5,D,472,0.0,17.6,17.6,-27.388211284999954,-53.49063016499997
78,39,6g1umhr5,6g1u3qdu,C,472,17.6,38.5,20.9,-27.34770854499996,-53.64489044499996
79,39,6g1u3qdu,6g1umhr5,D,472,17.6,38.5,20.9,-27.34770854499996,-53.64489044499996
80,40,6g45brgs,6g4h2fry,C,158,34.7,42.2,7.5,-27.39342546499995,-53.40764718999995
81,40,6g4h2fry,6g45brgs,D,158,34.7,42.2,7.5,-27.39342546499995,-53.40764718999995
82,41,6g45brgs,6g45944g,C,158,42.2,51.5,9.299999999999997,-27.46032186499997,-53.40560837499996
83,41,6g45944g,6g45brgs,D,158,42.2,51.5,9.299999999999997,-27.46032186499997,-53.40560837499996
84,42,6g1u3qdu,6g1u26w0,C,472,38.5,44.1,5.600000000000001,-27.35281734999998,-53.749887394999945
85,42,6g1u26w0,6g1u3qdu,D,472,38.5,44.1,5.600000000000001,-27.35281734999998,-53.749887394999945
86,43,6g1u3qdu,6g1v3dm9,C,163,0.0,25.4,25.4,-27.26551665499997,-53.72277426499994
87,43,6g1v3dm9,6g1u3qdu,D,163,0.0,25.4,25.4,-27.26551665499997,-53.72277426499994
88,44,6g1u26w0,6g1sjyh4,C,472,44.1,58.4,14.299999999999997,-27.376300999999955,-53.82593391499995
89,44,6g1sjyh4,6g1u26w0,D,472,44.1,58.4,14.299999999999997,-27.376300999999955,-53.82593391499995
90,45,6g1sjyh4,6g1euq55,C,472,58.4,67.9,9.500000000000007,-27.410344579999958,-53.915830254999946
91,45,6g1euq55,6g1sjyh4,D,472,58.4,67.9,9.500000000000007,-27.410344579999958,-53.915830254999946
92,46,6g1euq55,6g1emzdx,C,468,94.2,106.3,12.099999999999994,-27.471782859999962,-53.916847659999945
93,46,6g1emzdx,6g1euq55,D,468,94.2,106.3,12.099999999999994,-27.471782859999962,-53.916847659999945
94,47,6g1euq55,6g1s17mv,C,468,106.3,122.3,16.0,-27.417637569999982,-54.01351916999994
95,47,6g1s17mv,6g1euq55,D,468,106.3,122.3,16.0,-27.417637569999982,-54.01351916999994
96,48,6g1emzdx,6g1ehwz7,C,472,80.0,88.0,8.0,-27.53563289999994,-53.908475384999946
97,48,6g1ehwz7,6g1emzdx,D,472,80.0,88.0,8.0,-27.53563289999994,-53.908475384999946
98,49,6g1emzdx,6g1dw8t8,C,468,73.4,94.2,20.799999999999997,-27.59699275999995,-53.86565299499995
99,49,6g1dw8t8,6g1emzdx,D,468,73.4,94.2,20.799999999999997,-27.59699275999995,-53.86565299499995
100,50,6g1ehwz7,6g1e5uer,C,472,88.0,92.0,4.0,-27.56582660999996,-53.95197386499996
101,50,6g1e5uer,6g1ehwz7,D,472,88.0,92.0,4.0,-27.56582660999996,-53.95197386499996
102,51,6g1e5uer,6g1d8dpu,C,472,92.0,114.6,22.599999999999994,-27.622701019999965,-54.03952424499997
103,51,6g1d8dpu,6g1e5uer,D,472,92.0,114.6,22.599999999999994,-27.622701019999965,-54.03952424499997
104,52,6g1d8dpu,6g16jetq,C,472,114.6,132.4,17.80000000000001,-27.713403729999953,-54.17554991499995
105,52,6g16jetq,6g1d8dpu,D,472,114.6,132.4,17.80000000000001,-27.713403729999953,-54.17554991499995
106,53,6g16jetq,6g13979g,C,472,132.4,156.7,24.299999999999983,-27.797310729999964,-54.33895592499994
107,53,6g13979g,6g16jetq,D,472,132.4,156.7,24.299999999999983,-27.797310729999964,-54.33895592499994
108,54,6g13979g,6g130x9p,C,472,156.7,167.1,10.400000000000006,-27.874131499999976,-54.45158422499995
109,54,6g130x9p,6g13979g,D,472,156.7,167.1,10.400000000000006,-27.874131499999976,-54.45158422499995
110,55,6g130x9p,6g11xbh1,C,472,167.1,173.4,6.300000000000011,-27.883945944999965,-54.48293090499996
111,55,6g11xbh1,6g130x9p,D,472,167.1,173.4,6.300000000000011,-27.883945944999965,-54.48293090499996
112,56,6g11xbh1,6g11ss90,C,472,173.4,189.3,15.900000000000006,-27.848879764999964,-54.57095035499995
113,56,6g11ss90,6g11xbh1,D,472,173.4,189.3,15.900000000000006,-27.848879764999964,-54.57095035499995
114,57,6g11ss90,6g11eqwf,C,472,189.3,194.9,5.599999999999994,-27.830877234999974,-54.66804490499996
115,57,6g11eqwf,6g11ss90,D,472,189.3,194.9,5.599999999999994,-27.830877234999974,-54.66804490499996
116,58,6g11eqwf,6g11c3t0,C,472,194.9,205.5,10.599999999999994,-27.817064844999976,-54.73660953499996
117,58,6g11c3t0,6g11eqwf,D,472,194.9,205.5,10.599999999999994,-27.817064844999976,-54.73660953499996
118,59,6g11c3t0,6g0cknu2,C,472,205.5,234.0,28.5,-27.838573034999968,-54.89757349499996
119,59,6g0cknu2,6g11c3t0,D,472,205.5,234.0,28.5,-27.838573034999968,-54.89757349499996
120,60,6g0cknu2,6g0c1q3u,C,472,234.0,249.4,15.400000000000006,-27.891127569999952,-55.07558513499998
121,60,6g0c1q3u,6g0cknu2,D,472,234.0,249.4,15.400000000000006,-27.891127569999952,-55.07558513499998
122,61,6g0c1q3u,6g0bjb7r,C,392,630.4,668.8,38.39999999999998,-28.01822327499994,-55.03789228499997
123,61,6g0bjb7r,6g0c1q3u,D,392,630.4,668.8,38.39999999999998,-28.01822327499994,-55.03789228499997
124,62,6fbhvf45,6fbhykqb,C,472,404.4,407.5,3.1000000000000227,-28.678754479999952,-55.980165134999936
125,62,6fbhykqb,6fbhvf45,D,472,404.4,407.5,3.1000000000000227,-28.678754479999952,-55.980165134999936
126,63,6fbhvf45,6dzfh6ze,C,472,407.5,477.7,70.19999999999999,-28.924297364999973,-56.19947238499995
127,63,6dzfh6ze,6fbhvf45,D,472,407.5,477.7,70.19999999999999,-28.924297364999973,-56.19947238499995
128,64,6fbhykqb,6fbk4zhz,C,287,508.3,532.7,24.400000000000034,-28.73061788499993,-55.86838912999994
129,64,6fbk4zhz,6fbhykqb,D,287,508.3,532.7,24.400000000000034,-28.73061788499993,-55.86838912999994
130,65,6fbhykqb,6fbhyj7r,C,285,672.6,674.3,1.6999999999999318,-28.669493049999943,-55.973778884999945
131,65,6fbhyj7r,6fbhykqb,D,285,672.6,674.3,1.6999999999999318,-28.669493049999943,-55.973778884999945
132,66,6fbhykqb,6fbt8jh0,C,285,628.1,672.6,44.5,-28.604833819999953,-55.753473234999944
133,66,6fbt8jh0,6fbhykqb,D,285,628.1,672.6,44.5,-28.604833819999953,-55.753473234999944
134,67,6dzfh6ze,6dzf44fg,C,472,477.7,488.2,10.5,-29.16394549499995,-56.45711461999997
135,67,6dzf44fg,6dzfh6ze,D,472,477.7,488.2,10.5,-29.16394549499995,-56.45711461999997
136,68,6dzf44fg,6dz8wpqd,C,472,488.2,519.6,31.400000000000034,-29.28353336999993,-56.59502321499997
137,68,6dz8wpqd,6dzf44fg,D,472,488.2,519.6,31.400000000000034,-29.28353336999993,-56.59502321499997
138,69,6dz8wpqd,6dxqtw6s,C,472,519.6,582.1,62.5,-29.581453509999932,-56.86975237499996
139,69,6dxqtw6s,6dz8wpqd,D,472,519.6,582.1,62.5,-29.581453509999932,-56.86975237499996
140,70,6dxqtw6s,6dxqts7d,C,290,720.2,721.5,1.2999999999999545,-29.765473984999943,-57.05872512499997
141,70,6dxqts7d,6dxqtw6s,D,290,720.2,721.5,1.2999999999999545,-29.765473984999943,-57.05872512499997
142,71,6dxqtw6s,6dxquc6n,C,290,721.5,726.0,4.5,-29.751424089999944,-57.07621734999995
143,71,6dxquc6n,6dxqtw6s,D,290,721.5,726.0,4.5,-29.751424089999944,-57.07621734999995
144,72,6dxqts7d,6dxqschr,C,472,583.4,587.4,4.0,-29.779637419999943,-57.07403170499995
145,72,6dxqschr,6dxqts7d,D,472,583.4,587.4,4.0,-29.779637419999943,-57.07403170499995
146,73,6dxqts7d,6dxw1ej4,C,290,699.3,720.2,20.90000000000009,-29.81853821499996,-56.96918631999998
147,73,6dxw1ej4,6dxqts7d,D,290,699.3,720.2,20.90000000000009,-29.81853821499996,-56.96918631999998
148,74,6dxqschr,6dxh4hrv,C,472,587.4,656.6,69.20000000000005,-29.999097519999935,-57.323714139999936
149,74,6dxh4hrv,6dxqschr,D,472,587.4,656.6,69.20000000000005,-29.999097519999935,-57.323714139999936
150,75,6ffsjbun,6ffeugqq,C,153,202.7,208.5,5.800000000000011,-28.83802680499997,-52.496436279999955
151,75,6ffeugqq,6ffsjbun,D,153,202.7,208.5,5.800000000000011,-28.83802680499997,-52.496436279999955
152,76,6ffsjbun,6ffsjhmj,C,153,199.0,202.7,3.6999999999999886,-28.81337394999997,-52.49182699499994
153,76,6ffsjhmj,6ffsjbun,D,153,199.0,202.7,3.6999999999999886,-28.81337394999997,-52.49182699499994
154,77,6ffsjbun,6ffeyr4q,C,386,249.0,251.6,2.5999999999999943,-28.827714044999965,-52.46629830499995
155,77,6ffeyr4q,6ffsjbun,D,386,249.0,251.6,2.5999999999999943,-28.827714044999965,-52.46629830499995
156,78,6ffeugqq,6ffd7pst,C,153,208.5,243.9,35.400000000000006,-28.973392719999964,-52.556418174999976
157,78,6ffd7pst,6ffeugqq,D,153,208.5,243.9,35.400000000000006,-28.973392719999964,-52.556418174999976
158,79,6ffd7pst,6ff83t2d,C,153,243.9,291.6,47.70000000000002,-29.275822099999942,-52.63185402499997
159,79,6ff83t2d,6ffd7pst,D,153,243.9,291.6,47.70000000000002,-29.275822099999942,-52.63185402499997
160,80,6ff83t2d,6fdx5bwr,C,153,291.6,325.3,33.69999999999999,-29.580529679999955,-52.61431868999995
161,80,6fdx5bwr,6ff83t2d,D,153,291.6,325.3,33.69999999999999,-29.580529679999955,-52.61431868999995
162,81,6fdx5bwr,6fdxn7pq,C,287,104.3,115.4,11.100000000000009,-29.69628245499996,-52.505368569999945
163,81,6fdxn7pq,6fdx5bwr,D,287,104.3,115.4,11.100000000000009,-29.69628245499996,-52.505368569999945
164,82,6fdx5bwr,6fdrnuwh,C,153,325.3,348.2,22.899999999999977,-29.692340009999953,-52.67100086999994
165,82,6fdrnuwh,6fdx5bwr,D,153,325.3,348.2,22.899999999999977,-29.692340009999953,-52.67100086999994
166,83,6fdxn7pq,6fdwy7vm,C,471,133.7,138.4,4.700000000000017,-29.709475029999936,-52.45097489999995
167,83,6fdwy7vm,6fdxn7pq,D,471,133.7,138.4,4.700000000000017,-29.709475029999936,-52.45097489999995
168,84,6fdxn7pq,6fdxpe1u,C,287,99.1,104.3,5.200000000000003,-29.689675369999946,-52.425969289999955
169,84,6fdxpe1u,6fdxn7pq,D,287,99.1,104.3,5.200000000000003,-29.689675369999946,-52.425969289999955
170,85,6fdwy7vm,6fdwwyzy,C,471,138.4,142.9,4.5,-29.743095259999933,-52.43955615499996
171,85,6fdwwyzy,6fdwy7vm,D,471,138.4,142.9,4.5,-29.743095259999933,-52.43955615499996
172,86,6fdwwyzy,6fdv2r2w,C,471,142.9,168.4,25.5,-29.865243259999943,-52.398965894999975
173,86,6fdv2r2w,6fdwwyzy,D,471,142.9,168.4,25.5,-29.865243259999943,-52.398965894999975
174,87,6fdv2r2w,6fdu20nc,C,471,168.4,192.8,24.400000000000006,-30.081952814999966,-52.37223968499998
175,87,6fdu20nc,6fdv2r2w,D,471,168.4,192.8,24.400000000000006,-30.081952814999966,-52.37223968499998
176,88,6fdu20nc,6fdg83fj,C,471,192.8,207.1,14.299999999999983,-30.25095094499997,-52.37122631499997
177,88,6fdg83fj,6fdu20nc,D,471,192.8,207.1,14.299999999999983,-30.25095094499997,-52.37122631499997
178,89,6fdu20nc,6fdux8mk,C,290,183.3,215.7,32.39999999999998,-30.167206584999974,-52.20964609499998
179,89,6fdux8mk,6fdu20nc,D,290,183.3,215.7,32.39999999999998,-30.167206584999974,-52.20964609499998
180,90,6fdu20nc,6fd7v63m,C,290,215.7,262.8,47.10000000000002,-30.22757354999996,-52.613433964999984
181,90,6fd7v63m,6fdu20nc,D,290,215.7,262.8,47.10000000000002,-30.22757354999996,-52.613433964999984
182,91,6fdg83fj,6fddm3pr,C,471,207.1,237.2,30.099999999999994,-30.423441424999965,-52.43130131999996
183,91,6fddm3pr,6fdg83fj,D,471,207.1,237.2,30.099999999999994,-30.423441424999965,-52.43130131999996
184,92,6fddm3pr,6fddm88m,C,471,237.2,237.6,0.4000000000000057,-30.536740814999973,-52.49280650499995
185,92,6fddm88m,6fddm3pr,D,471,237.2,237.6,0.4000000000000057,-30.536740814999973,-52.49280650499995
186,93,6fddm88m,6f6xfpd5,C,471,237.6,300.0,62.400000000000006,-30.738992339999953,-52.56782909499995
187,93,6f6xfpd5,6fddm88m,D,471,237.6,300.0,62.400000000000006,-30.738992339999953,-52.56782909499995
188,94,6f6xfpd5,6f6qtme1,C,471,300.0,335.2,35.19999999999999,-31.05518049999995,-52.74728757999998
189,94,6f6qtme1,6f6xfpd5,D,471,300.0,335.2,35.19999999999999,-31.05518049999995,-52.74728757999998
190,95,6f6qtme1,6f6t84nt,C,392,125.0,150.3,25.30000000000001,-31.26789136499997,-52.78818294499996
191,95,6f6t84nt,6f6qtme1,D,392,125.0,150.3,25.30000000000001,-31.26789136499997,-52.78818294499996
192,96,6f6qtme1,6fd0qgg4,C,392,150.3,199.9,49.599999999999994,-31.021605189999974,-52.99374999999998
193,96,6fd0qgg4,6f6qtme1,D,392,150.3,199.9,49.599999999999994,-31.021605189999974,-52.99374999999998
194,97,6f6t84nt,6f6t2v7g,C,392,120.7,125.0,4.299999999999997,-31.378224254999964,-52.710766409999934
195,97,6f6t2v7g,6f6t84nt,D,392,120.7,125.0,4.299999999999997,-31.378224254999964,-52.710766409999934
196,98,6f6t2v7g,6f6exbqx,C,392,71.3,120.7,49.400000000000006,-31.558612684999957,-52.540477084999935
197,98,6f6exbqx,6f6t2v7g,D,392,71.3,120.7,49.400000000000006,-31.558612684999957,-52.540477084999935
198,99,6f6exbqx,6f6ersbq,C,116,526.5,529.4,2.8999999999999773,-31.73558190999995,-52.39451697499996
199,99,6f6ersbq,6f6exbqx,D,116,526.5,529.4,2.8999999999999773,-31.73558190999995,-52.39451697499996
200,100,6f6exbqx,6f6g29em,C,293,0.0,5.3,5.3,-31.74459315499996,-52.370611064999935
201,100,6f6g29em,6f6exbqx,D,293,0.0,5.3,5.3,-31.74459315499996,-52.370611064999935
202,101,6f6exbqx,6f6g84mm,C,116,524.9,526.5,1.6000000000000227,-31.720540624999956,-52.380177534999945
203,101,6f6g84mm,6f6exbqx,D,116,524.9,526.5,1.6000000000000227,-31.720540624999956,-52.380177534999945
204,102,6f6ersbq,6f6g0x0b,C,392,62.2,68.4,6.200000000000003,-31.76157244999996,-52.38187640999996
205,102,6f6g0x0b,6f6ersbq,D,392,62.2,68.4,6.200000000000003,-31.76157244999996,-52.38187640999996
206,103,6f6ersbq,6f6eqffg,C,116,529.4,532.5,3.1000000000000227,-31.751073249999962,-52.418917479999976
207,103,6f6eqffg,6f6ersbq,D,116,529.4,532.5,3.1000000000000227,-31.751073249999962,-52.418917479999976
208,104,6f6g0x0b,6f6cd8yn,C,392,26.9,62.2,35.300000000000004,-31.92632212999996,-52.31211998499995
209,104,6f6cd8yn,6f6g0x0b,D,392,26.9,62.2,35.300000000000004,-31.92632212999996,-52.31211998499995
210,105,6f6cd8yn,6f6ckupp,C,392,16.2,26.9,10.7,-32.08779796999994,-52.21447703999996
211,105,6f6ckupp,6f6cd8yn,D,392,16.2,26.9,10.7,-32.08779796999994,-52.21447703999996
212,106,6f4kx79r,6f414pgj,C,471,573.8,659.2,85.40000000000009,-33.234507089999966,-53.05537090499996
213,106,6f414pgj,6f4kx79r,D,471,573.8,659.2,85.40000000000009,-33.234507089999966,-53.05537090499996
214,107,6f414pgj,6f1brf2g,C,471,659.2,679.9,20.699999999999932,-33.61185376499995,-53.39627870499996
215,107,6f1brf2g,6f414pgj,D,471,659.2,679.9,20.699999999999932,-33.61185376499995,-53.39627870499996
216,108,6g56uxrv,6g56uy3r,C,470,0.0,0.6,0.6,-27.60335483999995,-51.470080689999946
217,108,6g56uy3r,6g56uxrv,D,470,0.0,0.6,0.6,-27.60335483999995,-51.470080689999946
218,109,6g56uy3r,6g56t5gn,C,470,0.6,10.2,9.6,-27.634917574999946,-51.46226278499995
219,109,6g56t5gn,6g56uy3r,D,470,0.6,10.2,9.6,-27.634917574999946,-51.46226278499995
220,110,6g56t5gn,6g53mj67,C,470,10.2,34.7,24.500000000000004,-27.76985157499996,-51.45607921499996
221,110,6g53mj67,6g56t5gn,D,470,10.2,34.7,24.500000000000004,-27.76985157499996,-51.45607921499996
222,111,6g53mj67,6g53kcw1,C,470,34.7,37.4,2.6999999999999957,-27.88627377499995,-51.45945515499997
223,111,6g53kcw1,6g53mj67,D,470,34.7,37.4,2.6999999999999957,-27.88627377499995,-51.45945515499997
224,112,6g53kcw1,6g52tjtg,C,470,37.4,49.7,12.300000000000004,-27.951535324999952,-51.45711841499997
225,112,6g52tjtg,6g53kcw1,D,470,37.4,49.7,12.300000000000004,-27.951535324999952,-51.45711841499997
226,113,6g52tjtg,6fgrgc4q,C,470,49.7,70.3,20.599999999999994,-28.084312584999964,-51.48181737499996
227,113,6fgrgc4q,6g52tjtg,D,470,49.7,70.3,20.599999999999994,-28.084312584999964,-51.48181737499996
228,114,6fgrgc4q,6fgre9b2,C,470,70.3,75.3,5.0,-28.18279627499996,-51.51862944999996
229,114,6fgre9b2,6fgrgc4q,D,470,70.3,75.3,5.0,-28.18279627499996,-51.51862944999996
230,115,6fgre9b2,6fgrk4j4,C,285,193.5,199.3,5.800000000000011,-28.22435610499997,-51.51123329999996
231,115,6fgrk4j4,6fgre9b2,D,285,193.5,199.3,5.800000000000011,-28.22435610499997,-51.51123329999996
232,116,6fgre9b2,6fgr3tfr,C,285,199.3,209.0,9.699999999999989,-28.21364684499997,-51.568022129999946
233,116,6fgr3tfr,6fgre9b2,D,285,199.3,209.0,9.699999999999989,-28.21364684499997,-51.568022129999946
234,117,6fgrk4j4,6fgrhctd,C,285,186.7,193.5,6.800000000000011,-28.26874446499997,-51.480134059999955
235,117,6fgrhctd,6fgrk4j4,D,285,186.7,193.5,6.800000000000011,-28.26874446499997,-51.480134059999955
236,118,6fgrhctd,6fgrhby8,C,285,186.2,186.7,0.5,-28.294276519999954,-51.462528719999966
237,118,6fgrhby8,6fgrhctd,D,285,186.2,186.7,0.5,-28.294276519999954,-51.462528719999966
238,119,6fgrhby8,6fgquyds,C,470,88.4,89.8,1.3999999999999915,-28.302349654999944,-51.464556379999976
239,119,6fgquyds,6fgrhby8,D,470,88.4,89.8,1.3999999999999915,-28.302349654999944,-51.464556379999976
240,120,6fgrhby8,6fgwt7jw,C,285,143.6,186.2,42.599999999999994,-28.333825419999954,-51.27565921499996
241,120,6fgwt7jw,6fgrhby8,D,285,143.6,186.2,42.599999999999994,-28.333825419999954,-51.27565921499996
242,121,6fgquyds,6fgqkkcs,C,470,89.8,104.6,14.799999999999997,-28.35694024999995,-51.478970249999975
243,121,6fgqkkcs,6fgquyds,D,470,89.8,104.6,14.799999999999997,-28.35694024999995,-51.478970249999975
244,122,6fgqkkcs,6fgm4tfw,C,470,104.6,132.7,28.099999999999994,-28.512665999999967,-51.528404999999964
245,122,6fgm4tfw,6fgqkkcs,D,470,104.6,132.7,28.099999999999994,-28.512665999999967,-51.528404999999964
246,123,6fgm4tfw,6fgm47v9,C,470,132.7,133.7,1.0,-28.625562499999972,-51.56972099999996
247,123,6fgm47v9,6fgm4tfw,D,470,132.7,133.7,1.0,-28.625562499999972,-51.56972099999996
248,124,6fgm47v9,6fgm42sm,C,470,133.7,136.2,2.5,-28.640080499999954,-51.57393799999997
249,124,6fgm42sm,6fgm47v9,D,470,133.7,136.2,2.5,-28.640080499999954,-51.57393799999997
250,125,6fgm42sm,6fgk3jj9,C,470,136.2,151.5,15.300000000000011,-28.70255444999995,-51.60141544999996
251,125,6fgk3jj9,6fgm42sm,D,470,136.2,151.5,15.300000000000011,-28.70255444999995,-51.60141544999996
252,126,6fgk3jj9,6fgk1sff,C,470,151.5,157.6,6.099999999999994,-28.779009564999967,-51.61904462999996
253,126,6fgk1sff,6fgk3jj9,D,470,151.5,157.6,6.099999999999994,-28.779009564999967,-51.61904462999996
254,127,6fgk1sff,6fg7dyz2,C,470,157.6,168.8,11.200000000000017,-28.840216114999976,-51.57930767999997
255,127,6fg7dyz2,6fgk1sff,D,470,157.6,168.8,11.200000000000017,-28.840216114999976,-51.57930767999997
256,128,6fg7dyz2,6fg7dfgz,C,470,168.8,170.9,2.0999999999999943,-28.889269999999982,-51.55116949999996
257,128,6fg7dfgz,6fg7dyz2,D,470,168.8,170.9,2.0999999999999943,-28.889269999999982,-51.55116949999996
258,129,6fg7dfgz,6fg76fsz,C,470,170.9,177.3,6.400000000000006,-28.922341544999966,-51.55296662999996
259,129,6fg76fsz,6fg7dfgz,D,470,170.9,177.3,6.400000000000006,-28.922341544999966,-51.55296662999996
260,130,6fg76fsz,6fg674eh,C,470,177.3,208.6,31.299999999999983,-29.033105544999955,-51.547913129999955
261,130,6fg674eh,6fg76fsz,D,470,177.3,208.6,31.299999999999983,-29.033105544999955,-51.547913129999955
262,131,6fg674eh,6fg658cf,C,470,208.6,216.2,7.599999999999994,-29.14818649999995,-51.53338749999995
263,131,6fg658cf,6fg674eh,D,470,208.6,216.2,7.599999999999994,-29.14818649999995,-51.53338749999995
264,132,6fg658cf,6fg3gtj1,C,470,216.2,219.1,2.9000000000000057,-29.18552289999994,-51.52106564999997
265,132,6fg3gtj1,6fg658cf,D,470,216.2,219.1,2.9000000000000057,-29.18552289999994,-51.52106564999997
266,133,6fg3gtj1,6fg3g8yt,C,470,219.1,221.7,2.5999999999999943,-29.20725520499994,-51.51782427499998
267,133,6fg3g8yt,6fg3gtj1,D,470,219.1,221.7,2.5999999999999943,-29.20725520499994,-51.51782427499998
268,134,6fg3g8yt,6fg3ebyx,C,453,96.1,101.4,5.300000000000011,-29.240367074999938,-51.51126274499998
269,134,6fg3ebyx,6fg3g8yt,D,453,96.1,101.4,5.300000000000011,-29.240367074999938,-51.51126274499998
270,135,6fg3g8yt,6fg3uuhx,C,453,101.4,107.2,5.799999999999997,-29.209482539999954,-51.49069909499997
271,135,6fg3uuhx,6fg3g8yt,D,453,101.4,107.2,5.799999999999997,-29.209482539999954,-51.49069909499997
272,136,6fg3ebyx,6fg3kd2g,C,470,227.0,232.1,5.099999999999994,-29.28031926999995,-51.49329911999996
273,136,6fg3kd2g,6fg3ebyx,D,470,227.0,232.1,5.099999999999994,-29.28031926999995,-51.49329911999996
274,137,6fg3ebyx,6fg0y7xm,C,453,65.4,96.1,30.69999999999999,-29.320655329999937,-51.626106644999965
275,137,6fg0y7xm,6fg3ebyx,D,453,65.4,96.1,30.69999999999999,-29.320655329999937,-51.626106644999965
276,138,6fg3kd2g,6fg2gux0,C,470,232.1,244.1,12.0,-29.33655749999997,-51.49297549999994
277,138,6fg2gux0,6fg3kd2g,D,470,232.1,244.1,12.0,-29.33655749999997,-51.49297549999994
278,139,6fg2gux0,6fg2etyk,C,470,244.1,253.5,9.400000000000006,-29.39280074499996,-51.51104248499996
279,139,6fg2etyk,6fg2gux0,D,470,244.1,253.5,9.400000000000006,-29.39280074499996,-51.51104248499996
280,140,6fg2etyk,6fg2ebmp,C,470,253.5,255.0,1.5,-29.425854244999954,-51.51248098499997
281,140,6fg2ebmp,6fg2etyk,D,470,253.5,255.0,1.5,-29.425854244999954,-51.51248098499997
282,141,6fg2ebmp,6ferjnu9,C,470,255.0,287.3,32.30000000000001,-29.55519099999995,-51.480880999999954
283,141,6ferjnu9,6fg2ebmp,D,470,255.0,287.3,32.30000000000001,-29.55519099999995,-51.480880999999954
284,142,6ferjnu9,6ferhev6,C,287,0.0,3.2,3.2,-29.677868609999962,-51.46409059499996
285,142,6ferhev6,6ferjnu9,D,287,0.0,3.2,3.2,-29.677868609999962,-51.46409059499996
286,143,6ferhev6,6fequjy5,C,470,290.5,295.4,4.899999999999977,-29.70240660999997,-51.484978094999974
287,143,6fequjy5,6ferhev6,D,470,290.5,295.4,4.899999999999977,-29.70240660999997,-51.484978094999974
288,144,6ferhev6,6fer5g0u,C,287,3.2,7.1,3.8999999999999995,-29.687897684999967,-51.49403967999996
289,144,6fer5g0u,6ferhev6,D,287,3.2,7.1,3.8999999999999995,-29.687897684999967,-51.49403967999996
290,145,6fequjy5,6feq9yx5,C,470,295.4,307.9,12.5,-29.738659094999946,-51.544287484999955
291,145,6feq9yx5,6fequjy5,D,470,295.4,307.9,12.5,-29.738659094999946,-51.544287484999955
292,146,6feq9yx5,6fenxgm5,C,470,307.9,319.9,12.0,-29.76749056999995,-51.63831075999994
293,146,6fenxgm5,6feq9yx5,D,470,307.9,319.9,12.0,-29.76749056999995,-51.63831075999994
294,147,6feq9yx5,6few405n,C,386,400.9,440.4,39.5,-29.820153639999944,-51.414562134999954
295,147,6few405n,6feq9yx5,D,386,400.9,440.4,39.5,-29.820153639999944,-51.414562134999954
296,148,6feq9yx5,6fer086h,C,386,392.0,400.9,8.899999999999977,-29.73170074999993,-51.62397371499995
297,148,6fer086h,6feq9yx5,D,386,392.0,400.9,8.899999999999977,-29.73170074999993,-51.62397371499995
298,149,6fenxgm5,6fenrbet,C,470,319.9,326.4,6.5,-29.80582847499997,-51.68471602499994
299,149,6fenrbet,6fenxgm5,D,470,319.9,326.4,6.5,-29.80582847499997,-51.68471602499994
300,150,6fenrbet,6fenp75q,C,470,326.4,331.6,5.2000000000000455,-29.85026508499996,-51.696848959999954
301,150,6fenp75q,6fenrbet,D,470,326.4,331.6,5.2000000000000455,-29.85026508499996,-51.696848959999954
302,151,6fenp75q,6fejxn7f,C,470,331.6,339.2,7.599999999999966,-29.900638249999957,-51.71303952499997
303,151,6fejxn7f,6fenp75q,D,470,331.6,339.2,7.599999999999966,-29.900638249999957,-51.71303952499997
304,152,6fejxn7f,6fejxk8h,C,470,339.2,340.6,1.400000000000034,-29.940570014999963,-51.715315129999965
305,152,6fejxk8h,6fejxn7f,D,470,339.2,340.6,1.400000000000034,-29.940570014999963,-51.715315129999965
306,153,6fejxk8h,6fejx76h,C,470,340.6,341.5,0.8999999999999773,-29.94857541999997,-51.711130914999956
307,153,6fejx76h,6fejxk8h,D,470,340.6,341.5,0.8999999999999773,-29.94857541999997,-51.711130914999956
308,154,6fejx76h,6fejqzu8,C,470,341.5,345.5,4.0,-29.962027569999975,-51.71897309999997
309,154,6fejqzu8,6fejx76h,D,470,341.5,345.5,4.0,-29.962027569999975,-51.71897309999997
310,155,6fejqzu8,6fejnqzp,C,470,345.5,351.5,6.0,-29.996171499999974,-51.737428499999965
311,155,6fejnqzp,6fejqzu8,D,470,345.5,351.5,6.0,-29.996171499999974,-51.737428499999965
312,156,6fejnqzp,6fehsmzz,C,470,351.5,364.7,13.199999999999989,-30.066977849999972,-51.790256134999964
313,156,6fehsmzz,6fejnqzp,D,470,351.5,364.7,13.199999999999989,-30.066977849999972,-51.790256134999964
314,157,6fehsmzz,6fekfqnr,C,290,135.8,162.5,26.69999999999999,-30.090962624999975,-51.70293152999997
315,157,6fekfqnr,6fehsmzz,D,290,135.8,162.5,26.69999999999999,-30.090962624999975,-51.70293152999997
316,158,6fehsmzz,6feh9ejq,C,290,162.5,174.6,12.099999999999994,-30.121275409999953,-51.895869214999976
317,158,6feh9ejq,6fehsmzz,D,290,162.5,174.6,12.099999999999994,-30.121275409999953,-51.895869214999976
318,159,6g417h15,6g416rh1,C,468,0.0,3.9,3.9,-27.874647004999957,-53.318545719999946
319,159,6g416rh1,6g417h15,D,468,0.0,3.9,3.9,-27.874647004999957,-53.318545719999946
320,160,6g416rh1,6g1fpc02,C,468,3.9,21.6,17.700000000000003,-27.81714671499995,-53.39045064499996
321,160,6g1fpc02,6g416rh1,D,468,3.9,21.6,17.700000000000003,-27.81714671499995,-53.39045064499996
322,161,6g416rh1,6g446zyq,C,158,74.9,96.3,21.39999999999999,-27.776181114999957,-53.320517559999956
323,161,6g446zyq,6g416rh1,D,158,74.9,96.3,21.39999999999999,-27.776181114999957,-53.320517559999956
324,162,6g416rh1,6g414qb3,C,158,96.3,101.6,5.299999999999997,-27.889195059999935,-53.33553108999996
325,162,6g414qb3,6g416rh1,D,158,96.3,101.6,5.299999999999997,-27.889195059999935,-53.33553108999996
326,163,6g1fpc02,6g1dp38k,C,468,21.6,63.4,41.8,-27.766127284999953,-53.63468440999998
327,163,6g1dp38k,6g1fpc02,D,468,21.6,63.4,41.8,-27.766127284999953,-53.63468440999998
328,164,6g1dp38k,6g1dnyfq,C,468,63.4,67.3,3.8999999999999986,-27.74983083999996,-53.83117544999996
329,164,6g1dnyfq,6g1dp38k,D,468,63.4,67.3,3.8999999999999986,-27.74983083999996,-53.83117544999996
330,165,6g1dnyfq,6g1dw8t8,C,468,67.3,73.4,6.1000000000000085,-27.708934819999968,-53.84396102499994
331,165,6g1dw8t8,6g1dnyfq,D,468,67.3,73.4,6.1000000000000085,-27.708934819999968,-53.84396102499994
332,166,6g1s17mv,6g1kwykr,C,468,122.3,142.2,19.89999999999999,-27.35072836499998,-54.13362698499995
333,166,6g1kwykr,6g1s17mv,D,468,122.3,142.2,19.89999999999999,-27.35072836499998,-54.13362698499995
334,167,6fg02u48,6fdzk4xr,C,453,0.0,29.8,29.8,-29.556684649999937,-52.09579043499994
335,167,6fdzk4xr,6fg02u48,D,453,0.0,29.8,29.8,-29.556684649999937,-52.09579043499994
336,168,6fg02u48,6fg02usu,C,453,29.8,30.4,0.5999999999999979,-29.46355466999995,-51.993103169999955
337,168,6fg02usu,6fg02u48,D,453,29.8,30.4,0.5999999999999979,-29.46355466999995,-51.993103169999955
338,169,6fdzk4xr,6fep172r,C,287,55.3,78.3,23.0,-29.668010159999938,-52.08650056999994
339,169,6fep172r,6fdzk4xr,D,287,55.3,78.3,23.0,-29.668010159999938,-52.08650056999994
340,170,6fdzk4xr,6fdz1kbf,C,287,78.3,91.2,12.900000000000006,-29.66434998999995,-52.261865539999945
341,170,6fdz1kbf,6fdzk4xr,D,287,78.3,91.2,12.900000000000006,-29.66434998999995,-52.261865539999945
342,171,6fg02usu,6fg03r3c,C,453,30.4,32.8,2.3999999999999986,-29.454552004999954,-51.98267308999996
343,171,6fg03r3c,6fg02usu,D,453,30.4,32.8,2.3999999999999986,-29.454552004999954,-51.98267308999996
344,172,6fg03r3c,6fg038rt,C,386,346.1,351.2,5.099999999999966,-29.46608463499996,-51.96419143499995
345,172,6fg038rt,6fg03r3c,D,386,346.1,351.2,5.099999999999966,-29.46608463499996,-51.96419143499995
346,173,6fg03r3c,6fg0899r,C,386,342.5,346.1,3.6000000000000227,-29.440526964999947,-51.990558344999954
347,173,6fg0899r,6fg03r3c,D,386,342.5,346.1,3.6000000000000227,-29.440526964999947,-51.990558344999954
348,174,6fg038rt,6fg0sbmt,C,453,37.9,54.0,16.1,-29.46298370499997,-51.88474314999996
349,174,6fg0sbmt,6fg038rt,D,453,37.9,54.0,16.1,-29.46298370499997,-51.88474314999996
350,175,6fg038rt,6fepg5nu,C,386,351.2,362.0,10.800000000000011,-29.521391274999957,-51.92235163999996
351,175,6fepg5nu,6fg038rt,D,386,351.2,362.0,10.800000000000011,-29.521391274999957,-51.92235163999996
352,176,6fg0sbmt,6fg0y7xm,C,453,54.0,65.4,11.400000000000006,-29.410115779999956,-51.78061117499996
353,176,6fg0y7xm,6fg0sbmt,D,453,54.0,65.4,11.400000000000006,-29.410115779999956,-51.78061117499996
354,177,6fg3uuhx,6fg3yk4w,C,453,107.2,113.9,6.700000000000003,-29.200458579999946,-51.43305168999996
355,177,6fg3yk4w,6fg3uuhx,D,453,107.2,113.9,6.700000000000003,-29.200458579999946,-51.43305168999996
356,178,6fg3yk4w,6fg3z3rn,C,453,113.9,119.4,5.5,-29.208074979999935,-51.37642285999996
357,178,6fg3z3rn,6fg3yk4w,D,453,113.9,119.4,5.5,-29.208074979999935,-51.37642285999996
358,179,6fg3z3rn,6fg3zbkt,C,453,119.4,121.4,2.0,-29.218417209999956,-51.342110049999974
359,179,6fg3zbkt,6fg3z3rn,D,453,119.4,121.4,2.0,-29.218417209999956,-51.342110049999974
360,180,6fg3zbkt,6fg9cy4z,C,453,121.4,130.6,9.199999999999989,-29.205338619999964,-51.29006612999996
361,180,6fg9cy4z,6fg3zbkt,D,453,121.4,130.6,9.199999999999989,-29.205338619999964,-51.29006612999996
362,181,6fg9cy4z,6fgd70y7,C,453,130.6,141.6,11.0,-29.16025976499995,-51.21741858999994
363,181,6fgd70y7,6fg9cy4z,D,453,130.6,141.6,11.0,-29.16025976499995,-51.21741858999994
364,182,6fgd70y7,6fgdk88f,C,453,141.6,148.0,6.400000000000006,-29.131802974999943,-51.15831683499994
365,182,6fgdk88f,6fgd70y7,D,453,141.6,148.0,6.400000000000006,-29.131802974999943,-51.15831683499994
366,183,6fgdk88f,6fgdk8kq,C,453,148.0,148.5,0.5,-29.13287042999994,-51.12679839499995
367,183,6fgdk8kq,6fgdk88f,D,453,148.0,148.5,0.5,-29.13287042999994,-51.12679839499995
368,184,6fgdk88f,6fgdkg4h,C,116,142.0,144.6,2.5999999999999943,-29.12547146999995,-51.12274691999994
369,184,6fgdkg4h,6fgdk88f,D,116,142.0,144.6,2.5999999999999943,-29.12547146999995,-51.12274691999994
370,185,6fgdk88f,6fg9gq6n,C,116,144.6,153.6,9.0,-29.160385944999945,-51.155649799999935
371,185,6fg9gq6n,6fgdk88f,D,116,144.6,153.6,9.0,-29.160385944999945,-51.155649799999935
372,186,6fgdk8kq,6fgfry64,C,453,148.5,200.9,52.400000000000006,-29.11711862499996,-50.87874941499996
373,186,6fgfry64,6fgdk8kq,D,453,148.5,200.9,52.400000000000006,-29.11711862499996,-50.87874941499996
374,187,6fgfry64,6fu1gd06,C,453,200.9,223.4,22.5,-29.15659596499998,-50.551781639999945
375,187,6fu1gd06,6fgfry64,D,453,200.9,223.4,22.5,-29.15659596499998,-50.551781639999945
376,188,6fu1gd06,6fu1wbnp,C,453,223.4,240.4,17.0,-29.23924474499998,-50.39534260999994
377,188,6fu1wbnp,6fu1gd06,D,453,223.4,240.4,17.0,-29.23924474499998,-50.39534260999994
378,189,6fu1wbnp,6fu1x253,C,453,240.4,242.3,1.9000000000000057,-29.266855009999972,-50.31089185999994
379,189,6fu1x253,6fu1wbnp,D,453,240.4,242.3,1.9000000000000057,-29.266855009999972,-50.31089185999994
380,190,6fu1x253,6fu31u7g,C,453,242.3,255.9,13.599999999999994,-29.299494959999947,-50.24649296499996
381,190,6fu31u7g,6fu1x253,D,453,242.3,255.9,13.599999999999994,-29.299494959999947,-50.24649296499996
382,191,6fu95txn,6fu95qdc,C,453,303.9,305.8,1.900000000000034,-29.32179221499996,-49.76668496999997
383,191,6fu95qdc,6fu95txn,D,453,303.9,305.8,1.900000000000034,-29.32179221499996,-49.76668496999997
384,192,6fu95txn,6fu9h7j8,C,453,305.8,309.3,3.5,-29.331506314999956,-49.74278832999997
385,192,6fu9h7j8,6fu95txn,D,453,305.8,309.3,3.5,-29.331506314999956,-49.74278832999997
386,193,6fu95qdc,6fu976ns,C,101,0.1,2.3,2.1999999999999997,-29.309599419999955,-49.77258297999998
387,193,6fu976ns,6fu95qdc,D,101,0.1,2.3,2.1999999999999997,-29.309599419999955,-49.77258297999998
388,194,6fu95qdc,6fu8c8w3,C,101,2.3,13.5,11.2,-29.357906729999968,-49.81124078999997
389,194,6fu8c8w3,6fu95qdc,D,101,2.3,13.5,11.2,-29.357906729999968,-49.81124078999997
390,195,6few73ws,6few7d14,C,448,0.0,0.6,0.6,-29.82863932999996,-51.174435959999954
391,195,6few7d14,6few73ws,D,448,0.0,0.6,0.6,-29.82863932999996,-51.174435959999954
392,196,6few73ws,6few4kdc,C,448,0.6,6.8,6.2,-29.84388193999996,-51.20068857999996
393,196,6few4kdc,6few73ws,D,448,0.6,6.8,6.2,-29.84388193999996,-51.20068857999996
394,197,6few7d14,6fetgqnj,C,116,254.1,261.6,7.500000000000028,-29.86014709999995,-51.17483574999997
395,197,6fetgqnj,6few7d14,D,116,254.1,261.6,7.500000000000028,-29.86014709999995,-51.17483574999997
396,198,6few7d14,6fewu5dp,C,116,242.9,254.1,11.199999999999989,-29.778948854999953,-51.16100649499995
397,198,6fewu5dp,6few7d14,D,116,242.9,254.1,11.199999999999989,-29.778948854999953,-51.16100649499995
398,199,6few4kdc,6few405n,C,448,6.8,9.7,2.8999999999999995,-29.869817644999955,-51.230629799999974
399,199,6few405n,6few4kdc,D,448,6.8,9.7,2.8999999999999995,-29.869817644999955,-51.230629799999974
400,200,6few405n,6fet6zqe,C,448,9.7,22.3,12.600000000000001,-29.927946654999943,-51.21712111999997
401,200,6fet6zqe,6few405n,D,448,9.7,22.3,12.600000000000001,-29.927946654999943,-51.21712111999997
402,201,6few405n,6fetgq4g,C,386,440.4,445.7,5.300000000000011,-29.887485294999948,-51.20875054999996
403,201,6fetgq4g,6few405n,D,386,440.4,445.7,5.300000000000011,-29.887485294999948,-51.20875054999996
404,202,6fet6zqe,6fet7ry0,C,116,270.4,272.5,2.1000000000000227,-29.973038164999934,-51.18748982499997
405,202,6fet7ry0,6fet6zqe,D,116,270.4,272.5,2.1000000000000227,-29.973038164999934,-51.18748982499997
406,203,6fet6zqe,6fet6epd,C,116,272.5,275.4,2.8999999999999773,-29.98597474999994,-51.202966129999965
407,203,6fet6epd,6fet6zqe,D,116,272.5,275.4,2.8999999999999773,-29.98597474999994,-51.202966129999965
408,204,6f6cq4mw,6f6cwyr9,C,392,0.0,8.9,8.9,-32.07801676999995,-52.093556924999945
409,204,6f6cwyr9,6f6cq4mw,D,392,0.0,8.9,8.9,-32.07801676999995,-52.093556924999945
410,205,6f6cq4mw,6f6ckupp,C,392,8.9,16.2,7.299999999999999,-32.10563717499994,-52.137814884999955
411,205,6f6ckupp,6f6cq4mw,D,392,8.9,16.2,7.299999999999999,-32.10563717499994,-52.137814884999955
412,206,6f6cwyr9,6f6czv6u,C,101,405.6,410.1,4.5,-32.02602231999995,-52.05702495999995
413,206,6f6czv6u,6f6cwyr9,D,101,405.6,410.1,4.5,-32.02602231999995,-52.05702495999995
414,207,6fd0qgg4,6fd41080,C,392,199.9,244.5,44.599999999999994,-30.72775760999997,-53.26493276499997
415,207,6fd41080,6fd0qgg4,D,392,199.9,244.5,44.599999999999994,-30.72775760999997,-53.26493276499997
416,208,6fd41080,6f9fx070,C,392,244.5,257.6,13.100000000000023,-30.53977297499995,-53.43519042999998
417,208,6f9fx070,6fd41080,D,392,244.5,257.6,13.100000000000023,-30.53977297499995,-53.43519042999998
418,209,6fd41080,6fd51xyt,C,153,485.5,511.0,25.5,-30.474798999999962,-53.377848074999974
419,209,6fd51xyt,6fd41080,D,153,485.5,511.0,25.5,-30.474798999999962,-53.377848074999974
420,210,6fd41080,6f9cjcdp,C,153,511.0,538.0,27.0,-30.66764630499995,-53.46345864999998
421,210,6f9cjcdp,6fd41080,D,153,511.0,538.0,27.0,-30.66764630499995,-53.46345864999998
422,211,6f9fx070,6f9gq1jh,C,392,257.6,273.8,16.19999999999999,-30.428251084999943,-53.49765527499997
423,211,6f9gq1jh,6f9fx070,D,392,257.6,273.8,16.19999999999999,-30.428251084999943,-53.49765527499997
424,212,6f9gq1jh,6f9ukg35,C,392,273.8,296.1,22.30000000000001,-30.26595117499994,-53.54852710999995
425,212,6f9ukg35,6f9gq1jh,D,392,273.8,296.1,22.30000000000001,-30.26595117499994,-53.54852710999995
426,213,6f9gq1jh,6fd51xyt,C,290,317.3,333.5,16.19999999999999,-30.363277109999956,-53.44031291999997
427,213,6fd51xyt,6f9gq1jh,D,290,317.3,333.5,16.19999999999999,-30.363277109999956,-53.44031291999997
428,214,6f9gq1jh,6f9emutp,C,290,333.5,372.2,38.69999999999999,-30.35007750999995,-53.69954960499996
429,214,6f9emutp,6f9gq1jh,D,290,333.5,372.2,38.69999999999999,-30.35007750999995,-53.69954960499996
430,215,6f9ukg35,6f9ug7m5,C,392,296.1,307.5,11.399999999999977,-30.127960249999944,-53.60902147499996
431,215,6f9ug7m5,6f9ukg35,D,392,296.1,307.5,11.399999999999977,-30.127960249999944,-53.60902147499996
432,216,6f9ug7m5,6f9y0ych,C,392,307.5,337.1,29.600000000000023,-29.964457849999945,-53.69683562499998
433,216,6f9y0ych,6f9ug7m5,D,392,307.5,337.1,29.600000000000023,-29.964457849999945,-53.69683562499998
434,217,6fcrk4me,6fcrefgn,C,392,560.4,566.0,5.600000000000023,-28.220222219999954,-54.31594007999993
435,217,6fcrefgn,6fcrk4me,D,392,560.4,566.0,5.600000000000023,-28.220222219999954,-54.31594007999993
436,218,6fcrefgn,6fcpydt5,C,392,566.0,590.6,24.600000000000023,-28.175568054999957,-54.437155564999955
437,218,6fcpydt5,6fcrefgn,D,392,566.0,590.6,24.600000000000023,-28.175568054999957,-54.437155564999955
438,219,6fcpydt5,6g10400u,C,392,590.6,612.4,21.799999999999955,-28.139419574999977,-54.652887444999976
439,219,6g10400u,6fcpydt5,D,392,590.6,612.4,21.799999999999955,-28.139419574999977,-54.652887444999976
440,220,6g10400u,6g0bjb7r,C,392,612.4,630.4,18.0,-28.123326349999957,-54.84636045499997
441,220,6g0bjb7r,6g10400u,D,392,612.4,630.4,18.0,-28.123326349999957,-54.84636045499997
442,221,6g4jky48,6g4jksvd,C,158,0.0,1.0,1.0,-27.172322304999938,-53.22855701499995
443,221,6g4jksvd,6g4jky48,D,158,0.0,1.0,1.0,-27.172322304999938,-53.22855701499995
444,222,6g4jksvd,6g4jk7sz,C,158,1.0,2.6,1.6,-27.178591869999963,-53.23800152499996
445,222,6g4jk7sz,6g4jksvd,D,158,1.0,2.6,1.6,-27.178591869999963,-53.23800152499996
446,223,6g4jk7sz,6g4j7fmb,C,158,2.6,4.9,2.3000000000000003,-27.18563512999998,-53.25434779999995
447,223,6g4j7fmb,6g4jk7sz,D,158,2.6,4.9,2.3000000000000003,-27.18563512999998,-53.25434779999995
448,224,6g4j7fmb,6g4h3n78,C,158,4.9,32.1,27.200000000000003,-27.266618549999976,-53.32670497999996
449,224,6g4h3n78,6g4j7fmb,D,158,4.9,32.1,27.200000000000003,-27.266618549999976,-53.32670497999996
450,225,6g4h3n78,6g4h2fry,C,158,32.1,34.7,2.6000000000000014,-27.35395445499995,-53.391235739999956
451,225,6g4h2fry,6g4h3n78,D,158,32.1,34.7,2.6000000000000014,-27.35395445499995,-53.391235739999956
452,226,6g45944g,6g44du1x,C,158,51.5,71.9,20.400000000000006,-27.580201199999948,-53.35197631999995
453,226,6g44du1x,6g45944g,D,158,51.5,71.9,20.400000000000006,-27.580201199999948,-53.35197631999995
454,227,6g44du1x,6g446zyq,C,158,71.9,74.9,3.0,-27.674038269999954,-53.31113737499996
455,227,6g446zyq,6g44du1x,D,158,71.9,74.9,3.0,-27.674038269999954,-53.31113737499996
456,228,6g446zyq,6g43c03p,C,386,74.9,113.2,38.3,-27.750326149999978,-53.174298144999966
457,228,6g43c03p,6g446zyq,D,386,74.9,113.2,38.3,-27.750326149999978,-53.174298144999966
458,229,6g43c03p,6g434gb6,C,386,113.2,129.3,16.10000000000001,-27.871517799999964,-53.00254445999997
459,229,6g434gb6,6g43c03p,D,386,113.2,129.3,16.10000000000001,-27.871517799999964,-53.00254445999997
460,230,6g434gb6,6g42gz5t,C,386,129.3,135.3,6.0,-27.94099621999996,-52.940325729999955
461,230,6g42gz5t,6g434gb6,D,386,129.3,135.3,6.0,-27.94099621999996,-52.940325729999955
462,231,6g42gz5t,6ffrphv3,C,386,135.3,176.0,40.69999999999999,-28.11410343999995,-52.84356202999996
463,231,6ffrphv3,6g42gz5t,D,386,135.3,176.0,40.69999999999999,-28.11410343999995,-52.84356202999996
464,232,6ffrphv3,6ffqzzc6,C,377,0.0,4.2,4.2,-28.28807243999995,-52.75721007499996
465,232,6ffqzzc6,6ffrphv3,D,377,0.0,4.2,4.2,-28.28807243999995,-52.75721007499996
466,233,6ffqzzc6,6fft7nj6,C,386,180.2,214.8,34.60000000000002,-28.43834081999995,-52.66938236499996
467,233,6fft7nj6,6ffqzzc6,D,386,180.2,214.8,34.60000000000002,-28.43834081999995,-52.66938236499996
468,234,6ffqzzc6,6ffqytyw,C,285,333.1,339.0,5.899999999999977,-28.306890589999966,-52.76742154499996
469,234,6ffqytyw,6ffqzzc6,D,285,333.1,339.0,5.899999999999977,-28.306890589999966,-52.76742154499996
470,235,6ffqzzc6,6ffxmv35,C,285,304.0,333.1,29.100000000000023,-28.264519329999956,-52.611742789999965
471,235,6ffxmv35,6ffqzzc6,D,285,304.0,333.1,29.100000000000023,-28.264519329999956,-52.611742789999965
472,236,6fft7nj6,6ffsjhmj,C,153,168.5,199.0,30.5,-28.689405634999957,-52.55142133499996
473,236,6ffsjhmj,6fft7nj6,D,153,168.5,199.0,30.5,-28.689405634999957,-52.55142133499996
474,237,6fft7nj6,6ffxn3fg,C,153,132.6,168.5,35.900000000000006,-28.432735299999933,-52.52553290499998
475,237,6ffxn3fg,6fft7nj6,D,153,132.6,168.5,35.900000000000006,-28.432735299999933,-52.52553290499998
476,238,6ffeyr4q,6ffg0k72,C,386,251.6,270.9,19.299999999999983,-28.906497134999967,-52.41183952999995
477,238,6ffg0k72,6ffeyr4q,D,386,251.6,270.9,19.299999999999983,-28.906497134999967,-52.41183952999995
478,239,6ffg0k72,6ffct1s9,C,386,270.9,315.8,44.900000000000034,-29.119768814999958,-52.26187222999994
479,239,6ffct1s9,6ffg0k72,D,386,270.9,315.8,44.900000000000034,-29.119768814999958,-52.26187222999994
480,240,6ffct1s9,6ffcnmkr,C,386,315.8,325.8,10.0,-29.292158514999954,-52.12927905999996
481,240,6ffcnmkr,6ffct1s9,D,386,315.8,325.8,10.0,-29.292158514999954,-52.12927905999996
482,241,6ffcnmkr,6fg0899r,C,386,325.8,342.5,16.69999999999999,-29.379534184999955,-52.05472529999997
483,241,6fg0899r,6ffcnmkr,D,386,325.8,342.5,16.69999999999999,-29.379534184999955,-52.05472529999997
484,242,6fepg5nu,6fepsqfw,C,386,362.0,367.6,5.600000000000023,-29.56941506499996,-51.86537851999998
485,242,6fepsqfw,6fepg5nu,D,386,362.0,367.6,5.600000000000023,-29.56941506499996,-51.86537851999998
486,243,6fepsqfw,6fepp707,C,386,367.6,386.0,18.399999999999977,-29.63549955999997,-51.77645835499996
487,243,6fepp707,6fepsqfw,D,386,367.6,386.0,18.399999999999977,-29.63549955999997,-51.77645835499996
488,244,6fepp707,6fer086h,C,287,21.8,27.8,6.0,-29.697431439999946,-51.68353270499995
489,244,6fer086h,6fepp707,D,287,21.8,27.8,6.0,-29.697431439999946,-51.68353270499995
490,245,6fepp707,6fepj2tg,C,287,27.8,36.5,8.7,-29.69686957999997,-51.75227649999994
491,245,6fepj2tg,6fepp707,D,287,27.8,36.5,8.7,-29.69686957999997,-51.75227649999994
492,246,6fer086h,6fer570e,C,287,9.3,21.8,12.5,-29.697397594999956,-51.59551152499995
493,246,6fer570e,6fer086h,D,287,9.3,21.8,12.5,-29.697397594999956,-51.59551152499995
494,247,6fetgq4g,6fetgqnj,C,386,445.7,446.2,0.5,-29.893057359999943,-51.17920911999997
495,247,6fetgqnj,6fetgq4g,D,386,445.7,446.2,0.5,-29.893057359999943,-51.17920911999997
496,248,6fetgqnj,6fet7ry0,C,116,261.6,270.4,8.799999999999955,-29.932396664999942,-51.17692857499998
497,248,6fet7ry0,6fetgqnj,D,116,261.6,270.4,8.799999999999955,-29.932396664999942,-51.17692857499998
498,249,6fet7ry0,6fetsb7n,C,290,85.8,92.0,6.200000000000003,-29.97007270499995,-51.14599063999995
499,249,6fetsb7n,6fet7ry0,D,290,85.8,92.0,6.200000000000003,-29.97007270499995,-51.14599063999995
500,250,6ffqytyw,6ffnrukf,C,285,339.0,372.5,33.5,-28.36044843999997,-52.940711644999965
501,250,6ffnrukf,6ffqytyw,D,285,339.0,372.5,33.5,-28.36044843999997,-52.940711644999965
502,251,6ffnrukf,6ffnm858,C,285,372.5,383.6,11.100000000000023,-28.42070965999997,-53.14037197999994
503,251,6ffnm858,6ffnrukf,D,285,372.5,383.6,11.100000000000023,-28.42070965999997,-53.14037197999994
504,252,6ffnm858,6ffjurwh,C,377,54.7,62.3,7.599999999999994,-28.45557997499995,-53.21649840499995
505,252,6ffjurwh,6ffnm858,D,377,54.7,62.3,7.599999999999994,-28.45557997499995,-53.21649840499995
506,253,6ffnm858,6ffns03y,C,285,383.6,392.5,8.899999999999977,-28.409370569999965,-53.22484587499994
507,253,6ffns03y,6ffnm858,D,285,383.6,392.5,8.899999999999977,-28.409370569999965,-53.22484587499994
508,254,6ffjurwh,6ffj62bs,C,377,62.3,80.1,17.799999999999997,-28.54098923999993,-53.290053684999975
509,254,6ffj62bs,6ffjurwh,D,377,62.3,80.1,17.799999999999997,-28.54098923999993,-53.290053684999975
510,255,6ffj62bs,6fcvhck9,C,377,80.1,105.7,25.60000000000001,-28.624362224999942,-53.455869664999966
511,255,6fcvhck9,6ffj62bs,D,377,80.1,105.7,25.60000000000001,-28.624362224999942,-53.455869664999966
512,256,6fcvhck9,6fcuu7tz,C,158,194.8,198.8,4.0,-28.660546104999952,-53.584010889999945
513,256,6fcuu7tz,6fcvhck9,D,158,194.8,198.8,4.0,-28.660546104999952,-53.584010889999945
514,257,6fcvhck9,6fcyj3rw,C,158,174.0,194.8,20.80000000000001,-28.556960499999946,-53.56086427999995
515,257,6fcyj3rw,6fcvhck9,D,158,174.0,194.8,20.80000000000001,-28.556960499999946,-53.56086427999995
516,258,6fce8nh4,6fc4yyw7,C,377,170.1,219.9,49.80000000000001,-28.94704866999996,-54.33655215999997
517,258,6fc4yyw7,6fce8nh4,D,377,170.1,219.9,49.80000000000001,-28.94704866999996,-54.33655215999997
518,259,6fc4yyw7,6fbfpj8u,C,377,219.9,262.0,42.099999999999994,-29.080082439999956,-54.712445634999966
519,259,6fbfpj8u,6fc4yyw7,D,377,219.9,262.0,42.099999999999994,-29.080082439999956,-54.712445634999966
520,260,6fbfpj8u,6f8zdhds,C,377,262.0,323.9,61.89999999999998,-29.37111218499993,-54.99525393999997
521,260,6f8zdhds,6fbfpj8u,D,377,262.0,323.9,61.89999999999998,-29.37111218499993,-54.99525393999997
522,261,6fbfpj8u,6fc05u1e,C,287,349.9,401.4,51.5,-29.328630379999936,-54.78162723999998
523,261,6fc05u1e,6fbfpj8u,D,287,349.9,401.4,51.5,-29.328630379999936,-54.78162723999998
524,262,6fbfpj8u,6fbfqppd,C,287,401.4,408.4,7.0,-29.122702519999933,-54.90393361499997
525,262,6fbfqppd,6fbfpj8u,D,287,401.4,408.4,7.0,-29.122702519999933,-54.90393361499997
526,263,6f8zdhds,6f8z9khz,C,377,323.9,326.9,3.0,-29.594744899999938,-55.11874545499995
527,263,6f8z9khz,6f8zdhds,D,377,323.9,326.9,3.0,-29.594744899999938,-55.11874545499995
528,264,6f8z9khz,6f8x9x1u,C,377,326.9,362.6,35.700000000000045,-29.587918319999943,-55.30591582999995
529,264,6f8x9x1u,6f8z9khz,D,377,326.9,362.6,35.700000000000045,-29.587918319999943,-55.30591582999995
530,265,6f8x9x1u,6f8wbw3z,C,377,362.6,379.5,16.899999999999977,-29.64762839499994,-55.50031112499994
531,265,6f8wbw3z,6f8x9x1u,D,377,362.6,379.5,16.899999999999977,-29.64762839499994,-55.50031112499994
532,266,6f8wbw3z,6f8qk511,C,377,379.5,403.7,24.19999999999999,-29.768724324999937,-55.621801984999934
533,266,6f8qk511,6f8wbw3z,D,377,379.5,403.7,24.19999999999999,-29.768724324999937,-55.621801984999934
534,267,6f8qk511,6f8j6xb2,C,290,574.4,621.7,47.30000000000007,-29.897056104999933,-55.930402104999956
535,267,6f8j6xb2,6f8qk511,D,290,574.4,621.7,47.30000000000007,-29.897056104999933,-55.930402104999956
536,268,6f8qk511,6f8gvwdp,C,290,483.0,574.4,91.39999999999998,-30.031755739999937,-55.336051494999936
537,268,6f8gvwdp,6f8qk511,D,290,483.0,574.4,91.39999999999998,-30.031755739999937,-55.336051494999936
538,269,6f8j6xb2,6dxv5zg4,C,290,621.7,652.0,30.299999999999955,-29.993827004999957,-56.28601784999998
539,269,6dxv5zg4,6f8j6xb2,D,290,621.7,652.0,30.299999999999955,-29.993827004999957,-56.28601784999998
540,270,6dxv5zg4,6dxg5sx1,C,377,481.3,530.0,48.69999999999999,-30.200394974999966,-56.43524551999997
541,270,6dxg5sx1,6dxv5zg4,D,377,481.3,530.0,48.69999999999999,-30.200394974999966,-56.43524551999997
542,271,6dxv5zg4,6dxw1ej4,C,290,652.0,699.3,47.299999999999955,-29.940804164999975,-56.65635219499998
543,271,6dxw1ej4,6dxv5zg4,D,290,652.0,699.3,47.299999999999955,-29.940804164999975,-56.65635219499998
544,272,6dxg5sx1,6f8360fv,C,293,371.3,442.9,71.59999999999997,-30.548948389999964,-56.12228109999995
545,272,6f8360fv,6dxg5sx1,D,293,371.3,442.9,71.59999999999997,-30.548948389999964,-56.12228109999995
546,273,6f6eqffg,6f6emu63,C,293,11.3,15.7,4.399999999999999,-31.752829479999974,-52.45609647999996
547,273,6f6emu63,6f6eqffg,D,293,11.3,15.7,4.399999999999999,-31.752829479999974,-52.45609647999996
548,274,6f6eqffg,6f6d25yr,C,116,532.5,566.4,33.89999999999998,-31.841619624999964,-52.57960428999996
549,274,6f6d25yr,6f6eqffg,D,116,532.5,566.4,33.89999999999998,-31.841619624999964,-52.57960428999996
550,275,6f6emu63,6f67mxz1,C,293,15.7,50.1,34.400000000000006,-31.739203919999966,-52.65652156999994
551,275,6f67mxz1,6f6emu63,D,293,15.7,50.1,34.400000000000006,-31.739203919999966,-52.65652156999994
552,276,6f67mxz1,6f67dv7d,C,293,50.1,62.7,12.600000000000001,-31.714426824999947,-52.897310044999955
553,276,6f67dv7d,6f67mxz1,D,293,50.1,62.7,12.600000000000001,-31.714426824999947,-52.897310044999955
554,277,6f67dv7d,6f6h3jhh,C,293,62.7,107.5,44.8,-31.63389318499995,-53.173978379999966
555,277,6f6h3jhh,6f67dv7d,D,293,62.7,107.5,44.8,-31.63389318499995,-53.173978379999966
556,278,6f6h3jhh,6f6h2xer,C,293,107.5,110.5,3.0,-31.561335104999955,-53.39940089499996
557,278,6f6h2xer,6f6h3jhh,D,293,107.5,110.5,3.0,-31.561335104999955,-53.39940089499996
558,279,6f6h2xer,6f3tg8v1,C,293,110.5,172.6,62.099999999999994,-31.44141724499994,-53.69534680999996
559,279,6f3tg8v1,6f6h2xer,D,293,110.5,172.6,62.099999999999994,-31.44141724499994,-53.69534680999996
560,280,6f3tg8v1,6f9cjcdp,C,153,538.0,622.9,84.89999999999998,-31.040466299999935,-53.756684819999975
561,280,6f9cjcdp,6f3tg8v1,D,153,538.0,622.9,84.89999999999998,-31.040466299999935,-53.756684819999975
562,281,6f3tg8v1,6f3td6hk,C,153,622.9,629.6,6.7000000000000455,-31.346924284999943,-54.00779121999997
563,281,6f3td6hk,6f3tg8v1,D,153,622.9,629.6,6.7000000000000455,-31.346924284999943,-54.00779121999997
564,282,6f3pu4e8,6f8bb5mk,C,293,251.1,305.3,54.20000000000002,-30.87732913499994,-54.925533979999955
565,282,6f8bb5mk,6f3pu4e8,D,293,251.1,305.3,54.20000000000002,-30.87732913499994,-54.925533979999955
566,283,6f8bb5mk,6f883rdm,C,158,532.2,562.0,29.799999999999955,-30.819267089999954,-55.33832436499995
567,283,6f883rdm,6f8bb5mk,D,158,532.2,562.0,29.799999999999955,-30.819267089999954,-55.33832436499995
568,284,6f8bb5mk,6f8gvwdp,C,158,466.3,532.2,65.90000000000003,-30.51420617499994,-55.06944847999995
569,284,6f8gvwdp,6f8bb5mk,D,158,466.3,532.2,65.90000000000003,-30.51420617499994,-55.06944847999995
570,285,6f883rdm,6f883n3n,C,158,562.0,563.6,1.6000000000000227,-30.854841249999964,-55.49506880499996
571,285,6f883n3n,6f883rdm,D,158,562.0,563.6,1.6000000000000227,-30.854841249999964,-55.49506880499996
572,286,6f883n3n,6f8360fv,C,293,336.7,371.3,34.60000000000002,-30.785485249999965,-55.65404044999997
573,286,6f8360fv,6f883n3n,D,293,336.7,371.3,34.60000000000002,-30.785485249999965,-55.65404044999997
574,287,6f883n3n,6f882gdh,C,158,563.6,565.6,2.0,-30.865831674999953,-55.50624123999998
575,287,6f882gdh,6f883n3n,D,158,563.6,565.6,2.0,-30.865831674999953,-55.50624123999998
576,288,6fsjzyu5,6fsjzvbp,C,101,88.7,89.4,0.7000000000000028,-29.89148567999996,-50.28143593499996
577,288,6fsjzvbp,6fsjzyu5,D,101,88.7,89.4,0.7000000000000028,-29.89148567999996,-50.28143593499996
578,289,6fsjzyu5,6fsq9qfn,C,101,71.3,88.7,17.400000000000006,-29.82289657499996,-50.24714528499996
579,289,6fsq9qfn,6fsjzyu5,D,101,71.3,88.7,17.400000000000006,-29.82289657499996,-50.24714528499996
580,290,6fsjzvbp,6fsjyvkf,C,101,89.4,93.5,4.099999999999994,-29.89566224999996,-50.302989449999956
581,290,6fsjyvkf,6fsjzvbp,D,101,89.4,93.5,4.099999999999994,-29.89566224999996,-50.302989449999956
582,291,6fsjyvkf,6fsn4892,C,290,4.8,25.9,21.099999999999998,-29.888761969999962,-50.41753774499995
583,291,6fsn4892,6fsjyvkf,D,290,4.8,25.9,21.099999999999998,-29.888761969999962,-50.41753774499995
584,292,6fsjyvkf,6fsjybqg,C,101,93.5,96.7,3.200000000000003,-29.911164724999963,-50.32035465499996
585,292,6fsjybqg,6fsjyvkf,D,101,93.5,96.7,3.200000000000003,-29.911164724999963,-50.32035465499996
586,293,6fsn4892,6fevu69m,C,290,25.9,53.0,27.1,-29.896065249999964,-50.65051230499995
587,293,6fevu69m,6fsn4892,D,290,25.9,53.0,27.1,-29.896065249999964,-50.65051230499995
588,294,6fevu69m,6fev8uyp,C,290,53.0,67.9,14.900000000000006,-29.927668704999974,-50.861467819999945
589,294,6fev8uyp,6fevu69m,D,290,53.0,67.9,14.900000000000006,-29.927668704999974,-50.861467819999945
590,295,6fev8uyp,6fetx6uj,C,290,67.9,74.7,6.799999999999997,-29.948921939999963,-50.96949713999996
591,295,6fetx6uj,6fev8uyp,D,290,67.9,74.7,6.799999999999997,-29.948921939999963,-50.96949713999996
592,296,6fetx6uj,6fetsb7n,C,290,74.7,85.8,11.099999999999994,-29.961405964999955,-51.059478859999956
593,296,6fetsb7n,6fetx6uj,D,290,74.7,85.8,11.099999999999994,-29.961405964999955,-51.059478859999956
594,297,6fet6epd,6fet67xt,C,116,275.4,276.6,1.2000000000000455,-29.99610210499995,-51.21326418999996
595,297,6fet67xt,6fet6epd,D,116,275.4,276.6,1.2000000000000455,-29.99610210499995,-51.21326418999996
596,298,6fet67xt,6fempfy6,C,116,276.6,290.7,14.099999999999966,-30.018708764999957,-51.274569224999965
597,298,6fempfy6,6fet67xt,D,116,276.6,290.7,14.099999999999966,-30.018708764999957,-51.274569224999965
598,299,6fempfy6,6femj949,C,290,112.3,122.6,10.299999999999997,-30.04794553499997,-51.38231930499995
599,299,6femj949,6fempfy6,D,290,112.3,122.6,10.299999999999997,-30.04794553499997,-51.38231930499995
600,300,6fempfy6,6fekxsfn,C,116,290.7,299.4,8.699999999999989,-30.081115179999955,-51.33878350499995
601,300,6fekxsfn,6fempfy6,D,116,290.7,299.4,8.699999999999989,-30.081115179999955,-51.33878350499995
602,301,6femj949,6fekgxv3,C,290,122.6,130.8,8.200000000000017,-30.056341724999953,-51.47643942499994
603,301,6fekgxv3,6femj949,D,290,122.6,130.8,8.200000000000017,-30.056341724999953,-51.47643942499994
604,302,6fekgxv3,6fekfqnr,C,290,130.8,135.8,5.0,-30.064029764999958,-51.54537470999995
605,302,6fekfqnr,6fekgxv3,D,290,130.8,135.8,5.0,-30.064029764999958,-51.54537470999995
606,303,6feh9ejq,6fdux8mk,C,290,174.6,183.3,8.700000000000017,-30.13657397999995,-52.001909954999974
607,303,6fdux8mk,6feh9ejq,D,290,174.6,183.3,8.700000000000017,-30.13657397999995,-52.001909954999974
608,304,6fd7v63m,6fd7bt5h,C,153,431.0,451.8,20.80000000000001,-30.257506779999943,-52.95656577999998
609,304,6fd7bt5h,6fd7v63m,D,153,431.0,451.8,20.80000000000001,-30.257506779999943,-52.95656577999998
610,305,6fd7v63m,6fdmh18f,C,153,404.8,431.0,26.19999999999999,-30.15744885999996,-52.88110543499997
611,305,6fdmh18f,6fd7v63m,D,153,404.8,431.0,26.19999999999999,-30.15744885999996,-52.88110543499997
612,306,6fd7bt5h,6fd51xyt,C,153,451.8,485.5,33.69999999999999,-30.308296644999956,-53.211062579999975
613,306,6fd51xyt,6fd7bt5h,D,153,451.8,485.5,33.69999999999999,-30.308296644999956,-53.211062579999975
614,307,6f9h48dx,6f8gzqgz,C,158,444.7,458.6,13.900000000000034,-30.235128354999944,-54.80072751499998
615,307,6f8gzqgz,6f9h48dx,D,158,444.7,458.6,13.900000000000034,-30.235128354999944,-54.80072751499998
616,308,6f9h48dx,6f9xnc4r,C,158,330.4,444.7,114.30000000000001,-29.965286549999945,-54.28546889499998
617,308,6f9xnc4r,6f9h48dx,D,158,330.4,444.7,114.30000000000001,-29.965286549999945,-54.28546889499998
618,309,6f8gzqgz,6f8gvwdp,C,158,458.6,466.3,7.699999999999989,-30.24066438999995,-54.91109366499995
619,309,6f8gvwdp,6f8gzqgz,D,158,458.6,466.3,7.699999999999989,-30.24066438999995,-54.91109366499995
620,310,6fer5g0u,6fer570e,C,287,7.1,9.3,2.200000000000001,-29.68984701499997,-51.52488687999994
621,310,6fer570e,6fer5g0u,D,287,7.1,9.3,2.200000000000001,-29.68984701499997,-51.52488687999994
622,311,6fepj2tg,6fep17wq,C,287,36.5,54.4,17.9,-29.695238569999958,-51.87993726499994
623,311,6fep17wq,6fepj2tg,D,287,36.5,54.4,17.9,-29.695238569999958,-51.87993726499994
624,312,6fep17wq,6fep172r,C,287,54.4,55.3,0.8999999999999986,-29.68734159999994,-51.971701889999935
625,312,6fep172r,6fep17wq,D,287,54.4,55.3,0.8999999999999986,-29.68734159999994,-51.971701889999935
626,313,6fdz1kbf,6fdxpe1u,C,287,91.2,99.1,7.8999999999999915,-29.685222144999955,-52.36443223499995
627,313,6fdxpe1u,6fdz1kbf,D,287,91.2,99.1,7.8999999999999915,-29.685222144999955,-52.36443223499995
628,314,6fdrnuwh,6fdrnsdy,C,153,348.2,349.7,1.5,-29.68139679999993,-52.78868662499994
629,314,6fdrnsdy,6fdrnuwh,D,153,348.2,349.7,1.5,-29.68139679999993,-52.78868662499994
630,315,6fdqff4c,6fdny99w,C,287,157.9,176.4,18.5,-29.74074389499998,-53.055323594999976
631,315,6fdny99w,6fdqff4c,D,287,157.9,176.4,18.5,-29.74074389499998,-53.055323594999976
632,316,6fdqff4c,6fdm7dyy,C,153,367.8,398.9,31.099999999999966,-29.869130014999968,-52.94187447499996
633,316,6fdm7dyy,6fdqff4c,D,153,367.8,398.9,31.099999999999966,-29.869130014999968,-52.94187447499996
634,317,6fdny99w,6fdnunx5,C,287,176.4,186.9,10.5,-29.728151339999954,-53.20073892999997
635,317,6fdnunx5,6fdny99w,D,287,176.4,186.9,10.5,-29.728151339999954,-53.20073892999997
636,318,6fdnunx5,6fdncvpy,C,287,186.9,197.0,10.099999999999994,-29.718495864999937,-53.30083015499997
637,318,6fdncvpy,6fdnunx5,D,287,186.9,197.0,10.099999999999994,-29.718495864999937,-53.30083015499997
638,319,6fdncvpy,6f9yy734,C,287,197.0,213.0,16.0,-29.727547759999936,-53.431304119999965
639,319,6f9yy734,6fdncvpy,D,287,197.0,213.0,16.0,-29.727547759999936,-53.431304119999965
640,320,6f9yy734,6f9z1bkj,C,287,213.0,232.3,19.30000000000001,-29.718686104999932,-53.60967445499995
641,320,6f9z1bkj,6f9yy734,D,287,213.0,232.3,19.30000000000001,-29.718686104999932,-53.60967445499995
642,321,6f9z1bkj,6f9xpbvn,C,287,232.3,240.8,8.5,-29.703226419999936,-53.74974971499995
643,321,6f9xpbvn,6f9z1bkj,D,287,232.3,240.8,8.5,-29.703226419999936,-53.74974971499995
644,322,6f9xpbvn,6f9wzw81,C,158,324.7,327.0,2.3000000000000114,-29.708380579999954,-53.80196819999995
645,322,6f9wzw81,6f9xpbvn,D,158,324.7,327.0,2.3000000000000114,-29.708380579999954,-53.80196819999995
646,323,6f9xpbvn,6f9z061s,C,158,322.6,324.7,2.099999999999966,-29.698533269999956,-53.78442843499997
647,323,6f9z061s,6f9xpbvn,D,158,322.6,324.7,2.099999999999966,-29.698533269999956,-53.78442843499997
648,324,6f9wzw81,6f9xnc4r,C,158,327.0,330.4,3.3999999999999773,-29.707606994999963,-53.825822709999954
649,324,6f9xnc4r,6f9wzw81,D,158,327.0,330.4,3.3999999999999773,-29.707606994999963,-53.825822709999954
650,325,6f9xnc4r,6f9rquzk,C,287,246.5,281.2,34.69999999999999,-29.66825333999995,-54.01311065999997
651,325,6f9rquzk,6f9xnc4r,D,287,246.5,281.2,34.69999999999999,-29.66825333999995,-54.01311065999997
652,326,6f9rquzk,6f9pr38p,C,287,281.2,314.8,33.60000000000002,-29.644895849999955,-54.35522524999996
653,326,6f9pr38p,6f9rquzk,D,287,281.2,314.8,33.60000000000002,-29.644895849999955,-54.35522524999996
654,327,6f9pr38p,6f9phh1f,C,287,314.8,329.3,14.5,-29.66908329499995,-54.595161839999975
655,327,6f9phh1f,6f9pr38p,D,287,314.8,329.3,14.5,-29.66908329499995,-54.595161839999975
656,328,6f9phh1f,6fc05u1e,C,287,329.3,349.9,20.599999999999966,-29.596622784999937,-54.67097576499998
657,328,6fc05u1e,6f9phh1f,D,287,329.3,349.9,20.599999999999966,-29.596622784999937,-54.67097576499998
658,329,6fbfqppd,6fbe0fyn,C,287,408.4,473.5,65.10000000000002,-29.04224326499994,-55.21342164999996
659,329,6fbe0fyn,6fbfqppd,D,287,408.4,473.5,65.10000000000002,-29.04224326499994,-55.21342164999996
660,330,6fbe0fyn,6fbe0r9v,C,287,473.5,477.6,4.100000000000023,-28.97470278499995,-55.519472519999965
661,330,6fbe0r9v,6fbe0fyn,D,287,473.5,477.6,4.100000000000023,-28.97470278499995,-55.519472519999965
662,331,6fbe0r9v,6fbk4zhz,C,287,477.6,508.3,30.69999999999999,-28.87504467499994,-55.65219716499996
663,331,6fbk4zhz,6fbe0r9v,D,287,477.6,508.3,30.69999999999999,-28.87504467499994,-55.65219716499996
664,332,6fbhyj7r,6fbhyj9t,C,285,674.3,674.5,0.20000000000004547,-28.66563993999995,-55.98292625999997
665,332,6fbhyj9t,6fbhyj7r,D,285,674.3,674.5,0.20000000000004547,-28.66563993999995,-55.98292625999997
666,333,6fukpm1n,6fukmuqt,C,285,0.0,10.6,10.6,-28.77966229499995,-49.982476144999964
667,333,6fukmuqt,6fukpm1n,D,285,0.0,10.6,10.6,-28.77966229499995,-49.982476144999964
668,334,6fukmuqt,6fukkznp,C,285,10.6,15.4,4.800000000000001,-28.75211442999995,-50.03403959999994
669,334,6fukkznp,6fukmuqt,D,285,10.6,15.4,4.800000000000001,-28.75211442999995,-50.03403959999994
670,335,6fukkznp,6fuhurf8,C,285,15.4,61.9,46.5,-28.699056759999934,-50.24548360999995
671,335,6fuhurf8,6fukkznp,D,285,15.4,61.9,46.5,-28.699056759999934,-50.24548360999995
672,336,6fuhurf8,6fgvc797,C,285,61.9,119.1,57.199999999999996,-28.57723010999993,-50.67712705499997
673,336,6fgvc797,6fuhurf8,D,285,61.9,119.1,57.199999999999996,-28.57723010999993,-50.67712705499997
674,337,6fgvc797,6fgvc44s,C,116,37.3,38.5,1.2000000000000028,-28.50478412499993,-50.924268634999976
675,337,6fgvc44s,6fgvc797,D,116,37.3,38.5,1.2000000000000028,-28.50478412499993,-50.924268634999976
676,338,6fgvc797,6fgzsbmy,C,116,0.0,37.3,37.3,-28.355583474999946,-50.839734249999964
677,338,6fgzsbmy,6fgvc797,D,116,0.0,37.3,37.3,-28.355583474999946,-50.839734249999964
678,339,6fgvc44s,6fgwt7jw,C,285,120.3,143.6,23.299999999999997,-28.439983274999946,-51.009198089999956
679,339,6fgwt7jw,6fgvc44s,D,285,120.3,143.6,23.299999999999997,-28.439983274999946,-51.009198089999956
680,340,6fgvc44s,6fgtnt86,C,116,38.5,57.4,18.9,-28.565278414999938,-50.98545875999997
681,340,6fgtnt86,6fgvc44s,D,116,38.5,57.4,18.9,-28.565278414999938,-50.98545875999997
682,341,6fgr3tfr,6fgppvpe,C,285,209.0,216.5,7.5,-28.248407164999975,-51.645307609999946
683,341,6fgppvpe,6fgr3tfr,D,285,209.0,216.5,7.5,-28.248407164999975,-51.645307609999946
684,342,6fgppvpe,6fgpk1mk,C,285,216.5,236.5,20.0,-28.26095803499996,-51.764140674999965
685,342,6fgpk1mk,6fgppvpe,D,285,216.5,236.5,20.0,-28.26095803499996,-51.764140674999965
686,343,6fgpk1mk,6fgp5r91,C,285,236.5,240.8,4.300000000000011,-28.254233669999962,-51.86755229999997
687,343,6fgp5r91,6fgpk1mk,D,285,236.5,240.8,4.300000000000011,-28.254233669999962,-51.86755229999997
688,344,6fgp5r91,6ffyzxef,C,285,240.8,256.3,15.5,-28.28124809999997,-51.96740819499996
689,344,6ffyzxef,6fgp5r91,D,285,240.8,256.3,15.5,-28.28124809999997,-51.96740819499996
690,345,6ffyzxef,6ffz2e6e,C,285,256.3,290.9,34.599999999999966,-28.270746599999967,-52.202544014999944
691,345,6ffz2e6e,6ffyzxef,D,285,256.3,290.9,34.599999999999966,-28.270746599999967,-52.202544014999944
692,346,6ffz2e6e,6ffz25wk,C,285,290.9,292.6,1.7000000000000455,-28.237591444999964,-52.36563532999995
693,346,6ffz25wk,6ffz2e6e,D,285,290.9,292.6,1.7000000000000455,-28.237591444999964,-52.36563532999995
694,347,6ffz25wk,6ffxqnsv,C,285,292.6,302.2,9.599999999999966,-28.228476804999957,-52.419130389999964
695,347,6ffxqnsv,6ffz25wk,D,285,292.6,302.2,9.599999999999966,-28.228476804999957,-52.419130389999964
696,348,6ffxqnsv,6ffxmv35,C,153,121.5,123.3,1.7999999999999972,-28.22372984499995,-52.47207541499998
697,348,6ffxmv35,6ffxqnsv,D,153,121.5,123.3,1.7999999999999972,-28.22372984499995,-52.47207541499998
698,349,6ffxqnsv,6g4c00q5,C,153,85.8,121.5,35.7,-28.083671074999955,-52.419354114999976
699,349,6g4c00q5,6ffxqnsv,D,153,85.8,121.5,35.7,-28.083671074999955,-52.419354114999976
700,350,6ffxmv35,6ffxntt8,C,153,123.3,129.8,6.500000000000014,-28.24887844999995,-52.460445919999984
701,350,6ffxntt8,6ffxmv35,D,153,123.3,129.8,6.500000000000014,-28.24887844999995,-52.460445919999984
702,351,6ffns03y,6fcywx01,C,285,392.5,417.1,24.600000000000023,-28.36808257499996,-53.381114364999945
703,351,6fcywx01,6ffns03y,D,285,392.5,417.1,24.600000000000023,-28.36808257499996,-53.381114364999945
704,352,6fcywx01,6fcyfc3x,C,285,417.1,434.2,17.099999999999966,-28.343261104999954,-53.58458653499994
705,352,6fcyfc3x,6fcywx01,D,285,417.1,434.2,17.099999999999966,-28.343261104999954,-53.58458653499994
706,353,6fcywx01,6g40fe7h,C,158,109.2,158.8,49.60000000000001,-28.162300389999956,-53.41324086499995
707,353,6g40fe7h,6fcywx01,D,158,109.2,158.8,49.60000000000001,-28.162300389999956,-53.41324086499995
708,354,6fcywx01,6fcyj3rw,C,158,158.8,174.0,15.199999999999989,-28.40932705499995,-53.52550476499994
709,354,6fcyj3rw,6fcywx01,D,158,158.8,174.0,15.199999999999989,-28.40932705499995,-53.52550476499994
710,355,6fcyfc3x,6fcwtb8p,C,285,434.2,457.8,23.600000000000023,-28.360585744999952,-53.77678856999995
711,355,6fcwtb8p,6fcyfc3x,D,285,434.2,457.8,23.600000000000023,-28.360585744999952,-53.77678856999995
712,356,6fcwtb8p,6fcwm4e6,C,285,457.8,462.6,4.800000000000011,-28.401604264999946,-53.90190776999995
713,356,6fcwm4e6,6fcwtb8p,D,285,457.8,462.6,4.800000000000011,-28.401604264999946,-53.90190776999995
714,357,6fcwm4e6,6fcwkjxp,C,285,462.6,467.0,4.399999999999977,-28.409809499999938,-53.93568259999995
715,357,6fcwkjxp,6fcwm4e6,D,285,462.6,467.0,4.399999999999977,-28.409809499999938,-53.93568259999995
716,358,6fcwkjxp,6fcqt4p8,C,285,467.0,498.3,31.30000000000001,-28.38935294999996,-54.10855895499995
717,358,6fcqt4p8,6fcwkjxp,D,285,467.0,498.3,31.30000000000001,-28.38935294999996,-54.10855895499995
718,359,6fcqt4p8,6fcnq5gw,C,285,498.3,530.2,31.900000000000034,-28.39424894499996,-54.418494409999965
719,359,6fcnq5gw,6fcqt4p8,D,285,498.3,530.2,31.900000000000034,-28.39424894499996,-54.418494409999965
720,360,6fcnq5gw,6fcnkmu8,C,285,530.2,537.8,7.599999999999909,-28.405953294999932,-54.612897094999965
721,360,6fcnkmu8,6fcnq5gw,D,285,530.2,537.8,7.599999999999909,-28.405953294999932,-54.612897094999965
722,361,6fcnkmu8,6fcn7kd8,C,285,537.8,542.4,4.600000000000023,-28.404445799999934,-54.67409096499995
723,361,6fcn7kd8,6fcnkmu8,D,285,537.8,542.4,4.600000000000023,-28.404445799999934,-54.67409096499995
724,362,6fcn7kd8,6fbym686,C,285,542.4,568.6,26.200000000000045,-28.41312519999994,-54.83074251499994
725,362,6fbym686,6fcn7kd8,D,285,542.4,568.6,26.200000000000045,-28.41312519999994,-54.83074251499994
726,363,6fbym686,6fbykeqr,C,285,568.6,571.2,2.6000000000000227,-28.415916284999952,-54.97636691499994
727,363,6fbykeqr,6fbym686,D,285,568.6,571.2,2.6000000000000227,-28.415916284999952,-54.97636691499994
728,364,6fbykeqr,6fbt8jh0,C,285,571.2,628.1,56.89999999999998,-28.47513715499997,-55.26493037999995
729,364,6fbt8jh0,6fbykeqr,D,285,571.2,628.1,56.89999999999998,-28.47513715499997,-55.26493037999995
730,365,6g414qb3,6g414df1,C,158,101.6,104.5,2.9000000000000057,-27.922864749999945,-53.33132763499998
731,365,6g414df1,6g414qb3,D,158,101.6,104.5,2.9000000000000057,-27.922864749999945,-53.33132763499998
732,366,6g414df1,6g40fe7h,C,158,104.5,109.2,4.700000000000003,-27.954209919999954,-53.32395451999997
733,366,6g40fe7h,6g414df1,D,158,104.5,109.2,4.700000000000003,-27.954209919999954,-53.32395451999997
734,367,6fcfg609,6fccdy1s,C,158,240.9,264.1,23.200000000000017,-29.135269299999948,-53.65578676999996
735,367,6fccdy1s,6fcfg609,D,158,240.9,264.1,23.200000000000017,-29.135269299999948,-53.65578676999996
736,368,6fccdy1s,6fcb4rs9,C,158,264.1,293.4,29.299999999999955,-29.361803089999967,-53.674912734999964
737,368,6fcb4rs9,6fccdy1s,D,158,264.1,293.4,29.299999999999955,-29.361803089999967,-53.674912734999964
738,369,6fcb4rs9,6f9zb9cw,C,158,293.4,305.1,11.700000000000045,-29.52713028499997,-53.72433092499995
739,369,6f9zb9cw,6fcb4rs9,D,158,293.4,305.1,11.700000000000045,-29.52713028499997,-53.72433092499995
740,370,6f9zb9cw,6f9z061s,C,158,305.1,322.6,17.5,-29.629889729999974,-53.770344309999956
741,370,6f9z061s,6f9zb9cw,D,158,305.1,322.6,17.5,-29.629889729999974,-53.770344309999956
742,371,6f882gdh,6f880u7t,C,158,565.6,570.1,4.5,-30.893324204999942,-55.509971449999966
743,371,6f880u7t,6f882gdh,D,158,565.6,570.1,4.5,-30.893324204999942,-55.509971449999966
744,372,6g5h1pc8,6g55bps1,C,153,0.0,7.7,7.7,-27.401777899999956,-52.00525535999995
745,372,6g55bps1,6g5h1pc8,D,153,0.0,7.7,7.7,-27.401777899999956,-52.00525535999995
746,373,6g55bps1,6g4gwr6k,C,153,7.7,20.2,12.5,-27.446771824999956,-52.06524655999996
747,373,6g4gwr6k,6g55bps1,D,153,7.7,20.2,12.5,-27.446771824999956,-52.06524655999996
748,374,6g4gwr6k,6g4fg79g,C,153,20.2,43.9,23.7,-27.545505684999938,-52.17122381499996
749,374,6g4fg79g,6g4gwr6k,D,153,20.2,43.9,23.7,-27.545505684999938,-52.17122381499996
750,375,6g4fg79g,6g4fdyy6,C,153,43.9,46.9,3.0,-27.63494142999994,-52.24539108999994
751,375,6g4fdyy6,6g4fg79g,D,153,43.9,46.9,3.0,-27.63494142999994,-52.24539108999994
752,376,6g4fdyy6,6g4fdhj2,C,153,46.9,51.5,4.600000000000001,-27.655785639999948,-52.270389129999955
753,376,6g4fdhj2,6g4fdyy6,D,153,46.9,51.5,4.600000000000001,-27.655785639999948,-52.270389129999955
754,377,6g4fdhj2,6g4fd1e7,C,153,51.5,53.1,1.6000000000000014,-27.670131339999955,-52.288895304999954
755,377,6g4fd1e7,6g4fdhj2,D,153,51.5,53.1,1.6000000000000014,-27.670131339999955,-52.288895304999954
756,378,6g4fd1e7,6g4c00q5,C,153,53.1,85.8,32.699999999999996,-27.811996384999958,-52.33247435499996
757,378,6g4c00q5,6g4fd1e7,D,153,53.1,85.8,32.699999999999996,-27.811996384999958,-52.33247435499996
758,379,6ffxntt8,6ffxn3fg,C,153,129.8,132.6,2.799999999999983,-28.280449709999942,-52.44833104999998
759,379,6ffxn3fg,6ffxntt8,D,153,129.8,132.6,2.799999999999983,-28.280449709999942,-52.44833104999998
760,380,6fdm7dyy,6fdm78p8,C,153,398.9,400.8,1.900000000000034,-30.006469789999954,-52.92214634499996
761,380,6fdm78p8,6fdm7dyy,D,153,398.9,400.8,1.900000000000034,-30.006469789999954,-52.92214634499996
762,381,6fdm78p8,6fdmh18f,C,153,400.8,404.8,4.0,-30.03220169499997,-52.91525938999996
763,381,6fdmh18f,6fdm78p8,D,153,400.8,404.8,4.0,-30.03220169499997,-52.91525938999996
764,382,6fgtnt86,6fgsjq1p,C,116,57.4,79.5,22.1,-28.707808949999958,-51.06892012499998
765,382,6fgsjq1p,6fgtnt86,D,116,57.4,79.5,22.1,-28.707808949999958,-51.06892012499998
766,383,6fgsjq1p,6fgejy4u,C,116,79.5,115.0,35.5,-28.881989239999967,-51.08357863499998
767,383,6fgejy4u,6fgsjq1p,D,116,79.5,115.0,35.5,-28.881989239999967,-51.08357863499998
768,384,6fgejy4u,6fgdkg4h,C,116,115.0,142.0,27.0,-29.044261159999962,-51.093901219999964
769,384,6fgdkg4h,6fgejy4u,D,116,115.0,142.0,27.0,-29.044261159999962,-51.093901219999964
770,385,6fg9gq6n,6fg95xt3,C,116,153.6,171.8,18.200000000000017,-29.251131984999944,-51.17463177999994
771,385,6fg95xt3,6fg9gq6n,D,116,153.6,171.8,18.200000000000017,-29.251131984999944,-51.17463177999994
772,386,6fg95xt3,6fg8ufbn,C,116,171.8,183.8,12.0,-29.348616259999943,-51.14320331999994
773,386,6fg8ufbn,6fg95xt3,D,116,171.8,183.8,12.0,-29.348616259999943,-51.14320331999994
774,387,6fg8ufbn,6fg8kq50,C,116,183.8,194.6,10.799999999999983,-29.418722954999964,-51.128208609999945
775,387,6fg8kq50,6fg8ufbn,D,116,183.8,194.6,10.799999999999983,-29.418722954999964,-51.128208609999945
776,388,6fg8kq50,6fexvwtx,C,116,194.6,214.8,20.200000000000017,-29.496176364999968,-51.10781443999997
777,388,6fexvwtx,6fg8kq50,D,116,194.6,214.8,20.200000000000017,-29.496176364999968,-51.10781443999997
778,389,6fexvwtx,6fexkquj,C,116,214.8,230.5,15.699999999999989,-29.581554954999945,-51.10715400999996
779,389,6fexkquj,6fexvwtx,D,116,214.8,230.5,15.699999999999989,-29.581554954999945,-51.10715400999996
780,390,6fexkquj,6fexk0vz,C,116,230.5,234.7,4.199999999999989,-29.64132996999996,-51.13992492999995
781,390,6fexk0vz,6fexkquj,D,116,230.5,234.7,4.199999999999989,-29.64132996999996,-51.13992492999995
782,391,6fexk0vz,6fewu5dp,C,116,234.7,242.9,8.200000000000017,-29.694077254999968,-51.146738589999956
783,391,6fewu5dp,6fexk0vz,D,116,234.7,242.9,8.200000000000017,-29.694077254999968,-51.146738589999956
784,392,6fekxsfn,6fe7y1t8,C,116,299.4,318.1,18.700000000000045,-30.194631139999956,-51.37777877499994
785,392,6fe7y1t8,6fekxsfn,D,116,299.4,318.1,18.700000000000045,-30.194631139999956,-51.37777877499994
786,393,6fe7y1t8,6fe7wp63,C,116,318.1,319.4,1.2999999999999545,-30.276145729999968,-51.41051924499996
787,393,6fe7wp63,6fe7y1t8,D,116,318.1,319.4,1.2999999999999545,-30.276145729999968,-51.41051924499996
788,394,6fe7wp63,6fe7mdn1,C,116,319.4,327.7,8.300000000000011,-30.318604819999962,-51.421068529999985
789,394,6fe7mdn1,6fe7wp63,D,116,319.4,327.7,8.300000000000011,-30.318604819999962,-51.421068529999985
790,395,6fe7mdn1,6fe6uvd2,C,116,327.7,336.7,9.0,-30.389416714999953,-51.448671529999984
791,395,6fe6uvd2,6fe7mdn1,D,116,327.7,336.7,9.0,-30.389416714999953,-51.448671529999984
792,396,6fe6uvd2,6fe3dysj,C,116,336.7,362.7,26.0,-30.53052115999995,-51.51052877999996
793,396,6fe3dysj,6fe6uvd2,D,116,336.7,362.7,26.0,-30.53052115999995,-51.51052877999996
794,397,6fe3dysj,6fe0mxpe,C,116,362.7,400.5,37.80000000000001,-30.745845729999957,-51.666135019999956
795,397,6fe0mxpe,6fe3dysj,D,116,362.7,400.5,37.80000000000001,-30.745845729999957,-51.666135019999956
796,398,6fe0mxpe,6f6zxt4c,C,116,400.5,427.0,26.5,-30.92607887999995,-51.914086829999974
797,398,6f6zxt4c,6fe0mxpe,D,116,400.5,427.0,26.5,-30.92607887999995,-51.914086829999974
798,399,6f6zxt4c,6f7jb47p,C,116,427.0,464.7,37.69999999999999,-31.15853536499995,-52.03811404499996
799,399,6f7jb47p,6f6zxt4c,D,116,427.0,464.7,37.69999999999999,-31.15853536499995,-52.03811404499996
800,400,6f7jb47p,6f6vkcuk,C,116,464.7,482.3,17.600000000000023,-31.36499850499996,-52.097517239999945
801,400,6f6vkcuk,6f7jb47p,D,116,464.7,482.3,17.600000000000023,-31.36499850499996,-52.097517239999945
802,401,6f6vkcuk,6f6u16mn,C,116,482.3,512.8,30.499999999999943,-31.518832354999944,-52.24431120999995
803,401,6f6u16mn,6f6vkcuk,D,116,482.3,512.8,30.499999999999943,-31.518832354999944,-52.24431120999995
804,402,6f6u16mn,6f6gbcj3,C,116,512.8,519.4,6.600000000000023,-31.652974204999936,-52.33158645499995
805,402,6f6gbcj3,6f6u16mn,D,116,512.8,519.4,6.600000000000023,-31.652974204999936,-52.33158645499995
806,403,6f6gbcj3,6f6g84mm,C,116,519.4,524.9,5.5,-31.697040594999947,-52.35897892999995
807,403,6f6g84mm,6f6gbcj3,D,116,519.4,524.9,5.5,-31.697040594999947,-52.35897892999995
808,404,6f6286hx,6f4n9qfu,C,116,614.7,659.9,45.19999999999993,-32.406588934999945,-53.223706334999946
809,404,6f4n9qfu,6f6286hx,D,116,614.7,659.9,45.19999999999993,-32.406588934999945,-53.223706334999946
810,405,6f4n9qfu,6f4n9qkh,C,116,659.9,660.3,0.39999999999997726,-32.57095357499995,-53.37783452499994
811,405,6f4n9qkh,6f4n9qfu,D,116,659.9,660.3,0.39999999999997726,-32.57095357499995,-53.37783452499994
812,406,6fu976qb,6fu976ns,C,101,0.0,0.1,0.1,-29.299394014999933,-49.769806339999974
813,406,6fu976ns,6fu976qb,D,101,0.0,0.1,0.1,-29.299394014999933,-49.769806339999974
814,407,6fu8c8w3,6fu89qnu,C,101,13.5,16.0,2.5,-29.402978279999957,-49.85235654999997
815,407,6fu89qnu,6fu8c8w3,D,101,13.5,16.0,2.5,-29.402978279999957,-49.85235654999997
816,408,6fu89qnu,6fu88f1j,C,101,16.0,20.1,4.100000000000001,-29.42053845999996,-49.872372704999975
817,408,6fu88f1j,6fu89qnu,D,101,16.0,20.1,4.100000000000001,-29.42053845999996,-49.872372704999975
818,409,6fu88f1j,6fu82n0p,C,101,20.1,24.2,4.099999999999998,-29.44226407499997,-49.90460948499995
819,409,6fu82n0p,6fu88f1j,D,101,20.1,24.2,4.099999999999998,-29.44226407499997,-49.90460948499995
820,410,6fu82n0p,6fsrvx49,C,101,24.2,39.9,15.7,-29.49475573999996,-49.97498118999994
821,410,6fsrvx49,6fu82n0p,D,101,24.2,39.9,15.7,-29.49475573999996,-49.97498118999994
822,411,6fsrvx49,6fsrv19y,C,101,39.9,44.1,4.200000000000003,-29.551102749999956,-50.03961836499994
823,411,6fsrv19y,6fsrvx49,D,101,39.9,44.1,4.200000000000003,-29.551102749999956,-50.03961836499994
824,412,6fsrv19y,6fsr439m,C,101,44.1,63.5,19.4,-29.63180557499996,-50.11189914499994
825,412,6fsr439m,6fsrv19y,D,101,44.1,63.5,19.4,-29.63180557499996,-50.11189914499994
826,413,6fsr439m,6fsqcsyz,C,101,63.5,67.2,3.700000000000003,-29.710707869999965,-50.18533435499995
827,413,6fsqcsyz,6fsr439m,D,101,63.5,67.2,3.700000000000003,-29.710707869999965,-50.18533435499995
828,414,6fsqcsyz,6fsqcsmr,C,101,67.2,67.4,0.20000000000000284,-29.724957139999958,-50.199121469999966
829,414,6fsqcsmr,6fsqcsyz,D,101,67.2,67.4,0.20000000000000284,-29.724957139999958,-50.199121469999966
830,415,6fsqcsmr,6fsqc3yj,C,101,67.4,69.2,1.7999999999999972,-29.733350549999955,-50.205239844999966
831,415,6fsqc3yj,6fsqcsmr,D,101,67.4,69.2,1.7999999999999972,-29.733350549999955,-50.205239844999966
832,416,6fsqc3yj,6fsq9qfn,C,101,69.2,71.3,2.0999999999999943,-29.74852197499996,-50.21290999499996
833,416,6fsq9qfn,6fsqc3yj,D,101,69.2,71.3,2.0999999999999943,-29.74852197499996,-50.21290999499996
834,417,6fsjybqg,6fsjjkd0,C,101,96.7,110.9,14.200000000000003,-29.979317874999964,-50.35505281999997
835,417,6fsjjkd0,6fsjybqg,D,101,96.7,110.9,14.200000000000003,-29.979317874999964,-50.35505281999997
836,418,6fsjjkd0,6fsh6xch,C,101,110.9,129.5,18.599999999999994,-30.090455074999966,-50.45239336499995
837,418,6fsh6xch,6fsjjkd0,D,101,110.9,129.5,18.599999999999994,-30.090455074999966,-50.45239336499995
838,419,6fsh6xch,6fs5gnqk,C,101,129.5,140.5,11.0,-30.195158834999972,-50.49902041999994
839,419,6fs5gnqk,6fsh6xch,D,101,129.5,140.5,11.0,-30.195158834999972,-50.49902041999994
840,420,6fs5gnqk,6fs4eeex,C,101,140.5,168.6,28.099999999999994,-30.360368094999956,-50.475313409999956
841,420,6fs4eeex,6fs5gnqk,D,101,140.5,168.6,28.099999999999994,-30.360368094999956,-50.475313409999956
842,421,6fs4eeex,6f7z11wv,C,101,168.6,253.1,84.5,-30.79079194499994,-50.69465160499996
843,421,6f7z11wv,6fs4eeex,D,101,168.6,253.1,84.5,-30.79079194499994,-50.69465160499996
844,422,6f7z11wv,6f7tvxnr,C,101,253.1,279.6,26.50000000000003,-31.19863169499996,-51.000474699999955
845,422,6f7tvxnr,6f7z11wv,D,101,253.1,279.6,26.50000000000003,-31.19863169499996,-51.000474699999955
846,423,6f7tvxnr,6f7kjcv5,C,101,279.6,331.8,52.19999999999999,-31.461815444999957,-51.24889283999997
847,423,6f7kjcv5,6f7tvxnr,D,101,279.6,331.8,52.19999999999999,-31.461815444999957,-51.24889283999997
848,424,6f7kjcv5,6f74ytsn,C,101,331.8,370.3,38.5,-31.729700064999946,-51.57991720499996
849,424,6f74ytsn,6f7kjcv5,D,101,331.8,370.3,38.5,-31.729700064999946,-51.57991720499996
850,425,6f74ytsn,6f6czv6u,C,101,370.3,405.6,35.30000000000001,-31.917758134999957,-51.88906702999995
851,425,6f6czv6u,6f74ytsn,D,101,370.3,405.6,35.30000000000001,-31.917758134999957,-51.88906702999995
